symbol,entry_timeframe,alignment,window_minutes,events,mean_mfe_bps,median_mfe_bps,mean_mae_bps,mean_terminal_return_bps,terminal_win_rate,mean_time_to_mfe_minutes,target_25bps_hit_rate,target_50bps_hit_rate,target_100bps_hit_rate,t50_s25_resolved_target_win_rate,t100_s50_resolved_target_win_rate
ALL,15m,DAILY_4H,15,904,26.604182266717583,14.372713646898516,-22.770348621668255,1.576925064889697,0.4723451327433628,6.728982300884955,0.34845132743362833,0.15597345132743362,0.03650442477876106,0.3087071240105541,0.2440944881889764
ALL,15m,DAILY_4H_1H,15,446,31.539725378458353,19.39497925376843,-25.225322351502975,1.9806333976083057,0.4820627802690583,6.948430493273543,0.4327354260089686,0.18834080717488788,0.04484304932735426,0.3188405797101449,0.23376623376623376
ALL,15m,DAILY_4H_1H_15M,15,446,31.539725378458353,19.39497925376843,-25.225322351502975,1.9806333976083057,0.4820627802690583,6.948430493273543,0.4327354260089686,0.18834080717488788,0.04484304932735426,0.3188405797101449,0.23376623376623376
ALL,15m,DAILY_ONLY,15,1633,24.83489962672962,14.21464108031234,-22.093979294798075,0.2714774658834998,0.46356399265156156,6.594611145131659,0.32823025107164727,0.1359461114513166,0.03184323331292101,0.2916030534351145,0.24509803921568626
ALL,15m,FULL_ALIGNMENT,15,422,31.648658919803456,18.862996682954545,-25.60350501738328,1.8483857102974453,0.47393364928909953,6.931279620853081,0.42890995260663506,0.1895734597156398,0.04739336492890995,0.3197969543147208,0.24
ALL,15m,DAILY_4H,30,904,37.97468096889115,21.520313164540283,-32.207843396082154,1.4734907832661577,0.47013274336283184,13.525442477876107,0.4690265486725664,0.24004424778761063,0.08075221238938053,0.31238095238095237,0.2974137931034483
ALL,15m,DAILY_4H_1H,30,446,43.748573474003265,28.681056001009786,-37.24832695902471,0.39994936256384706,0.4798206278026906,13.522421524663677,0.547085201793722,0.29596412556053814,0.09417040358744394,0.3487544483985765,0.2695035460992908
ALL,15m,DAILY_4H_1H_15M,30,446,43.748573474003265,28.681056001009786,-37.24832695902471,0.39994936256384706,0.4798206278026906,13.522421524663677,0.547085201793722,0.29596412556053814,0.09417040358744394,0.3487544483985765,0.2695035460992908
ALL,15m,DAILY_ONLY,30,1633,35.25682254343296,20.749279538905263,-31.31054592498905,0.06308533389938939,0.46540110226576853,13.275566442131048,0.4543784445805266,0.21800367421922842,0.065523576240049,0.29935622317596566,0.2601010101010101
ALL,15m,FULL_ALIGNMENT,30,422,44.18781739166564,28.169241129823995,-37.92555621816016,0.25834529860605315,0.47393364928909953,13.637440758293838,0.5402843601895735,0.3009478672985782,0.0995260663507109,0.35074626865671643,0.2773722627737226
ALL,15m,DAILY_4H,60,904,51.60553685146265,32.99054595527484,-46.611987962149165,-3.1163088015021767,0.4502212389380531,25.759955752212388,0.5707964601769911,0.3495575221238938,0.14601769911504425,0.3230088495575221,0.31088082901554404
ALL,15m,DAILY_4H_1H,60,446,58.49776161828783,39.58463780099341,-52.51622110258153,-5.341213454895342,0.4484304932735426,24.80269058295964,0.6345291479820628,0.4013452914798206,0.1681614349775785,0.35327635327635326,0.30357142857142855
ALL,15m,DAILY_4H_1H_15M,60,446,58.49776161828783,39.58463780099341,-52.51622110258153,-5.341213454895342,0.4484304932735426,24.80269058295964,0.6345291479820628,0.4013452914798206,0.1681614349775785,0.35327635327635326,0.30357142857142855
ALL,15m,DAILY_ONLY,60,1633,49.10982733023222,30.967329467412874,-44.16642991493629,-0.8286351191110167,0.4684629516227802,25.925903245560317,0.5676668707899571,0.33006736068585424,0.12614819350887937,0.3176954732510288,0.29102167182662536
ALL,15m,FULL_ALIGNMENT,60,422,59.238386317653095,39.66398931258274,-52.80198338073407,-5.016174146843479,0.44075829383886256,24.827014218009477,0.6303317535545023,0.4075829383886256,0.17298578199052134,0.35119047619047616,0.30697674418604654
ALL,15m,DAILY_4H,120,904,72.62739515787868,44.222392206109134,-67.04233702611431,1.5552076203449374,0.44579646017699115,52.23119469026549,0.661504424778761,0.4657079646017699,0.24446902654867256,0.3392405063291139,0.3145869947275923
ALL,15m,DAILY_4H_1H,120,446,82.11158938697754,54.90638929858905,-73.85554517495133,2.6137877325130394,0.4484304932735426,52.17488789237668,0.7130044843049327,0.5291479820627802,0.2757847533632287,0.3805970149253731,0.3225806451612903
ALL,15m,DAILY_4H_1H_15M,120,446,82.11158938697754,54.90638929858905,-73.85554517495133,2.6137877325130394,0.4484304932735426,52.17488789237668,0.7130044843049327,0.5291479820627802,0.2757847533632287,0.3805970149253731,0.3225806451612903
ALL,15m,DAILY_ONLY,120,1633,68.90129322808309,43.29994607931154,-63.723112783696,1.0001614954236797,0.46540110226576853,52.15003061849357,0.6619718309859155,0.451316595223515,0.22106552357624004,0.33660589060308554,0.3055555555555556
ALL,15m,FULL_ALIGNMENT,120,422,83.53261884267553,54.90638929858905,-74.05236473334243,3.922541655764018,0.4431279620853081,52.208530805687204,0.7109004739336493,0.5284360189573459,0.2843601895734597,0.37270341207349084,0.32441471571906355
ALL,15m,DAILY_4H,240,904,104.41215913374269,66.87893366669306,-92.91868309662357,3.7939499143207693,0.4756637168141593,106.74225663716814,0.7466814159292036,0.5907079646017699,0.3672566371681416,0.3453908984830805,0.3365921787709497
ALL,15m,DAILY_4H_1H,240,446,120.82898572088331,78.4745568096179,-99.21716652896852,7.0034310803644635,0.4798206278026906,110.45739910313901,0.7914798206278026,0.6502242152466368,0.4125560538116592,0.3883720930232558,0.35714285714285715
ALL,15m,DAILY_4H_1H_15M,240,446,120.82898572088331,78.4745568096179,-99.21716652896852,7.0034310803644635,0.4798206278026906,110.45739910313901,0.7914798206278026,0.6502242152466368,0.4125560538116592,0.3883720930232558,0.35714285714285715
ALL,15m,DAILY_ONLY,240,1633,98.89161808803063,64.07634628493585,-90.84133804134451,3.7154492762441786,0.4856093080220453,106.22596448254745,0.7513778322106552,0.5793018983466014,0.3429271279853031,0.3395860284605433,0.3193343898573692
ALL,15m,FULL_ALIGNMENT,240,422,122.15845211943733,78.4745568096179,-98.88082263959384,8.738493977592668,0.47393364928909953,109.84834123222748,0.7890995260663507,0.6516587677725119,0.4075829383886256,0.3799019607843137,0.3473389355742297
ALL,1h,DAILY_4H,15,168,29.580623160483235,18.591345040568363,-23.711288992025874,4.164861270028352,0.48214285714285715,7.428571428571429,0.40476190476190477,0.17261904761904762,0.047619047619047616,0.3333333333333333,0.27586206896551724
ALL,1h,DAILY_4H_1H,15,168,29.580623160483235,18.591345040568363,-23.711288992025874,4.164861270028352,0.48214285714285715,7.428571428571429,0.40476190476190477,0.17261904761904762,0.047619047619047616,0.3333333333333333,0.27586206896551724
ALL,1h,DAILY_4H_1H_15M,15,162,30.071018736648917,19.193376653312555,-23.797551148586503,4.4692361097570386,0.4876543209876543,7.580246913580247,0.41358024691358025,0.1728395061728395,0.04938271604938271,0.3333333333333333,0.2857142857142857
ALL,1h,DAILY_ONLY,15,365,25.795681426653047,15.04131601995251,-24.9065686559428,0.8892701909877478,0.4931506849315068,7.054794520547945,0.33424657534246577,0.16712328767123288,0.03287671232876712,0.2983425414364641,0.1935483870967742
ALL,1h,FULL_ALIGNMENT,15,158,30.407011841949423,19.193376653312555,-23.998673668636986,4.592129960512485,0.4873417721518987,7.531645569620253,0.41139240506329117,0.17721518987341772,0.05063291139240506,0.33783783783783783,0.2962962962962963
ALL,1h,DAILY_4H,30,168,40.759848780940736,25.152917245018223,-30.800626323684156,5.332042938288687,0.48214285714285715,13.583333333333334,0.5059523809523809,0.25,0.10119047619047619,0.2956521739130435,0.3333333333333333
ALL,1h,DAILY_4H_1H,30,168,40.759848780940736,25.152917245018223,-30.800626323684156,5.332042938288687,0.48214285714285715,13.583333333333334,0.5059523809523809,0.25,0.10119047619047619,0.2956521739130435,0.3333333333333333
ALL,1h,DAILY_4H_1H_15M,30,162,41.42256807699619,25.2688902376319,-30.916796498449678,5.717191584828839,0.48148148148148145,13.623456790123457,0.5185185185185185,0.25308641975308643,0.10493827160493827,0.3,0.3409090909090909
ALL,1h,DAILY_ONLY,30,365,35.01112290436452,21.477368063600455,-32.06713728588862,1.551190283371569,0.4602739726027397,13.772602739726027,0.4410958904109589,0.2356164383561644,0.07123287671232877,0.2911392405063291,0.22772277227722773
ALL,1h,FULL_ALIGNMENT,30,158,42.0044391160739,25.2688902376319,-31.2503166621048,5.979004174135708,0.47468354430379744,13.582278481012658,0.5189873417721519,0.25949367088607594,0.10759493670886076,0.30275229357798167,0.3488372093023256
ALL,1h,DAILY_4H,60,168,59.846657719509324,31.650376268438364,-43.007688600580046,13.351157349632826,0.4880952380952381,25.791666666666668,0.6011904761904762,0.35714285714285715,0.17857142857142858,0.29850746268656714,0.33766233766233766
ALL,1h,DAILY_4H_1H,60,168,59.846657719509324,31.650376268438364,-43.007688600580046,13.351157349632826,0.4880952380952381,25.791666666666668,0.6011904761904762,0.35714285714285715,0.17857142857142858,0.29850746268656714,0.33766233766233766
ALL,1h,DAILY_4H_1H_15M,60,162,60.460207958357586,32.79915738045092,-42.76292054907816,14.439489005964482,0.49382716049382713,25.617283950617285,0.6049382716049383,0.35802469135802467,0.1728395061728395,0.296875,0.3287671232876712
ALL,1h,DAILY_ONLY,60,365,50.857604471159064,28.122295933081798,-45.50822041883833,3.915496554968601,0.4712328767123288,25.964383561643835,0.5397260273972603,0.336986301369863,0.14794520547945206,0.3154121863799283,0.2732919254658385
ALL,1h,FULL_ALIGNMENT,60,158,61.48578565642376,34.1689437790138,-43.32833134181316,14.681804121486657,0.4873417721518987,25.670886075949365,0.6075949367088608,0.3670886075949367,0.17721518987341772,0.2992125984251969,0.3333333333333333
ALL,1h,DAILY_4H,120,168,87.93267414929373,42.68314004782225,-61.50803051449735,17.85523048655263,0.4523809523809524,51.351190476190474,0.7083333333333334,0.44642857142857145,0.25595238095238093,0.30612244897959184,0.3181818181818182
ALL,1h,DAILY_4H_1H,120,168,87.93267414929373,42.68314004782225,-61.50803051449735,17.85523048655263,0.4523809523809524,51.351190476190474,0.7083333333333334,0.44642857142857145,0.25595238095238093,0.30612244897959184,0.3181818181818182
ALL,1h,DAILY_4H_1H_15M,120,162,89.11774688044963,42.68314004782225,-60.365459205007355,19.250403924622766,0.4506172839506173,51.30246913580247,0.7098765432098766,0.4444444444444444,0.25308641975308643,0.3049645390070922,0.3173076923076923
ALL,1h,DAILY_ONLY,120,365,73.23940465060532,39.09590714722189,-64.57456169706177,6.272433765051537,0.4575342465753425,50.276712328767125,0.6520547945205479,0.42191780821917807,0.2219178082191781,0.3089171974522293,0.28125
ALL,1h,FULL_ALIGNMENT,120,158,89.9749235507567,42.68314004782225,-61.31126469920018,19.268198756493735,0.4430379746835443,49.94303797468354,0.7088607594936709,0.4430379746835443,0.25949367088607594,0.302158273381295,0.32038834951456313
ALL,1h,DAILY_4H,240,168,122.39006122251885,68.17926210274993,-95.40898680432576,16.497276179527535,0.5178571428571429,110.69047619047619,0.8273809523809523,0.6071428571428571,0.35714285714285715,0.32075471698113206,0.31343283582089554
ALL,1h,DAILY_4H_1H,240,168,122.39006122251885,68.17926210274993,-95.40898680432576,16.497276179527535,0.5178571428571429,110.69047619047619,0.8273809523809523,0.6071428571428571,0.35714285714285715,0.32075471698113206,0.31343283582089554
ALL,1h,DAILY_4H_1H_15M,240,162,124.15235295680516,68.17926210274993,-92.27194247517245,21.142216594567746,0.5246913580246914,111.41975308641975,0.8333333333333334,0.6111111111111112,0.35185185185185186,0.3202614379084967,0.3125
ALL,1h,DAILY_ONLY,240,365,98.83366783261351,56.84528762411878,-90.3297840012569,0.8985994641950926,0.4684931506849315,100.63013698630137,0.7561643835616438,0.5452054794520548,0.3041095890410959,0.3215339233038348,0.27238805970149255
ALL,1h,FULL_ALIGNMENT,240,158,125.57595159222598,67.94801580400801,-93.06619275772725,21.934956765304285,0.5253164556962026,111.37341772151899,0.8291139240506329,0.6075949367088608,0.36075949367088606,0.31543624161073824,0.31496062992125984
ALL,1m,DAILY_4H,15,14331,21.984360139640756,13.40996168582409,-21.308656445055266,-0.0795855735393976,0.48405554392575534,7.231246947177447,0.2874188821436048,0.1040401925894913,0.02386435001046682,0.24739928125591074,0.20453115166771554
ALL,1m,DAILY_4H_1H,15,8600,23.952027458002288,14.449433369106979,-22.630183518787014,0.07794115346867499,0.48604651162790696,7.272674418604651,0.31383720930232556,0.12255813953488372,0.029186046511627907,0.26429809358752165,0.21915285451197053
ALL,1m,DAILY_4H_1H_15M,15,4826,26.56416400585609,15.65927850284865,-24.170932946737796,0.40012868203882895,0.4805221715706589,7.168462494819726,0.3460422710319105,0.14711976792374637,0.037919602154993785,0.2840264650283554,0.24362606232294617
ALL,1m,DAILY_ONLY,15,24766,21.080677713851422,12.72744911570256,-20.14828784556284,-0.024792507890071196,0.4835661794395542,7.212387951223452,0.2739239279657595,0.09674553823790681,0.02079463780990067,0.24842913660693508,0.20387149917627678
ALL,1m,FULL_ALIGNMENT,15,2799,29.008698344818015,16.817676334930365,-25.53672469168186,0.7609434625441521,0.47624151482672383,7.038585209003215,0.3776348695962844,0.16934619506966775,0.046802429439085386,0.2970742685671418,0.270509977827051
ALL,1m,DAILY_4H,30,14331,32.11576383126929,19.537829279794305,-30.880300780964465,-0.016586846604103842,0.4824506314981509,14.119600865257135,0.4149047519363617,0.18679785081292302,0.05512525294815435,0.2719717955175019,0.2246087756980669
ALL,1m,DAILY_4H_1H,30,8600,35.44053444806331,21.21293178579453,-32.780339949955575,0.414888440284165,0.48290697674418603,14.125116279069767,0.4432558139534884,0.2144186046511628,0.06755813953488372,0.2883096366508689,0.24352567014993184
ALL,1m,DAILY_4H_1H_15M,30,4826,39.64503705548881,23.392536739491597,-34.49723053021708,1.2413508582599968,0.48010774968918357,13.920430998756734,0.47534189805221716,0.24906755076668047,0.08474927476170742,0.3102990033222591,0.27206946454413894
ALL,1m,DAILY_ONLY,30,24766,30.572346002368157,18.82366069148711,-29.343781404081028,0.09222730893033615,0.48501978518937255,14.07639505774045,0.4010740531373657,0.17560365016554955,0.048534280868933216,0.2716574292005163,0.21876821449387993
ALL,1m,FULL_ALIGNMENT,30,2799,43.89361926693574,25.54744525547381,-36.07736079424965,2.6872923092125096,0.48302965344765986,13.772418720971775,0.5069667738478028,0.2765273311897106,0.10325116112897463,0.3193322563274098,0.30484988452655887
ALL,1m,DAILY_4H,60,14331,46.73330165882673,28.786070350346193,-44.624843726597064,0.26973980550241816,0.4868466959737632,28.154420487056033,0.5452515525783267,0.3006070755704417,0.11269276393831554,0.29960279931908457,0.25418354764840584
ALL,1m,DAILY_4H_1H,60,8600,52.004198699767194,31.39976884767748,-47.03273527067814,0.6686528851495568,0.48348837209302326,28.059418604651164,0.5720930232558139,0.33406976744186045,0.1330232558139535,0.31634046426945833,0.27316941367198055
ALL,1m,DAILY_4H_1H_15M,60,4826,58.728723366180155,33.681724719341055,-49.14303237003351,2.6089049776509055,0.4850808122668877,27.73331951927062,0.5965602983837547,0.37132200580190633,0.15955242436800662,0.3300261096605744,0.2992863514719001
ALL,1m,DAILY_ONLY,60,24766,44.133381028719924,27.59264017970886,-42.47368022295504,0.40598188657769235,0.4917225228135347,28.046475006056692,0.5325849955584269,0.28644108858919487,0.10098522167487685,0.29795619616012614,0.24703427065026362
ALL,1m,FULL_ALIGNMENT,60,2799,64.13927699199091,37.543561659882926,-50.635979799050546,3.1641687804760736,0.47874240800285817,27.02750982493748,0.6237942122186495,0.40514469453376206,0.18756698821007503,0.3372345036844387,0.3296863603209336
ALL,1m,DAILY_4H,120,14331,68.17037554174863,41.75827092447682,-64.35194313528046,-0.5466519843635305,0.4846835531365571,55.34575395994697,0.665340869443863,0.4366059591096225,0.20180029307096503,0.321360153256705,0.28475871954132825
ALL,1m,DAILY_4H_1H,120,8600,75.71758956990257,45.9555641642706,-67.86065667042486,-0.42019058924485136,0.48069767441860467,54.73139534883721,0.688953488372093,0.47093023255813954,0.22534883720930232,0.33859809424357135,0.2952956735310788
ALL,1m,DAILY_4H_1H_15M,120,4826,85.60525913047947,49.39879049583262,-70.88900380343975,1.8216978043341057,0.4763779527559055,53.516991297140486,0.7034811438043929,0.49668462494819726,0.25922088686282635,0.3410817031070196,0.3149153625039923
ALL,1m,DAILY_ONLY,120,24766,64.44078711632338,40.38624849401318,-61.339225269878156,0.5089875337891827,0.4932972623758378,55.751231527093594,0.6568279092303965,0.4252200597593475,0.18884761366389405,0.32139844409035523,0.2813295512400902
ALL,1m,FULL_ALIGNMENT,120,2799,92.42754690286708,55.33383559691352,-72.98587082751088,4.235704801480967,0.48160057163272596,53.11611289746338,0.7259735619864237,0.5344765987852804,0.2897463379778492,0.3534649632210608,0.3356309650053022
ALL,1m,DAILY_4H,240,14331,99.72672502562668,61.05951152390654,-92.07080760869434,-0.14548724816377806,0.4809154978717466,108.95771404647269,0.7612867210941316,0.5697439117995953,0.3216802735329007,0.33050475493782006,0.30815489749430525
ALL,1m,DAILY_4H_1H,240,8600,110.58836535549368,66.12637719206282,-97.61936963653693,-1.7870947667572876,0.4705813953488372,106.13116279069767,0.7756976744186046,0.5938372093023255,0.3524418604651163,0.34494015233949943,0.32077675573076364
ALL,1m,DAILY_4H_1H_15M,240,4826,124.69501950047164,72.70058957558834,-100.9904065941003,1.3052015457135635,0.4579361790302528,103.11956071280564,0.7836717778698715,0.6079569001243266,0.38955656858682136,0.34563398412357865,0.3337537840565086
ALL,1m,DAILY_ONLY,240,24766,93.28855252639327,59.123578596864675,-88.62240674302593,0.9707937961094888,0.4893806024388274,109.87640313332795,0.7558749899055156,0.5605265283049342,0.30440927077444885,0.3309309565439891,0.3047997387897257
ALL,1m,FULL_ALIGNMENT,240,2799,134.37512744225495,78.56559449263001,-102.42327020891715,5.214941065203705,0.46266523758485173,101.61343336906037,0.8002858163629868,0.6463022508038585,0.4137191854233655,0.35835172921265634,0.349320882852292
ALL,5m,DAILY_4H,15,2878,23.464586895192845,13.651050202648785,-21.400235188379877,0.33569814889228633,0.4722029186935372,7.00416956219597,0.29812369701181374,0.113273106323836,0.03022932592077832,0.2635514018691589,0.22493224932249323
ALL,5m,DAILY_4H_1H,15,1650,26.469174916463313,15.270510463101239,-22.834694471055695,1.0496879883182495,0.47515151515151516,7.004848484848485,0.33575757575757575,0.1321212121212121,0.038181818181818185,0.2833078101071976,0.25210084033613445
ALL,5m,DAILY_4H_1H_15M,15,766,28.735337121236242,16.362319307746674,-25.425205855644368,1.068379549088841,0.47389033942558745,7.026109660574413,0.36553524804177545,0.1566579634464752,0.04046997389033943,0.30538922155688625,0.2153846153846154
ALL,5m,DAILY_ONLY,15,4978,22.07627837550777,13.037809831137892,-20.417065687294976,-0.15734161033596075,0.4704700683005223,6.9582161510646845,0.28143832864604257,0.10445962233828847,0.026114905584572117,0.26440092165898615,0.22163120567375885
ALL,5m,FULL_ALIGNMENT,15,766,28.735337121236242,16.362319307746674,-25.425205855644368,1.068379549088841,0.47389033942558745,7.026109660574413,0.36553524804177545,0.1566579634464752,0.04046997389033943,0.30538922155688625,0.2153846153846154
ALL,5m,DAILY_4H,30,2878,34.75741128610511,20.358146117716025,-30.92021315917226,0.5229310754358629,0.4722029186935372,13.939193884642112,0.42981236970118136,0.20465601111883253,0.05941626129256428,0.2903426791277259,0.22807017543859648
ALL,5m,DAILY_4H_1H,30,1650,39.565056708455984,22.548244662369264,-33.3352194120573,1.0357196501173975,0.4624242424242424,13.52909090909091,0.46,0.23030303030303031,0.07757575757575758,0.30421377183967113,0.2654462242562929
ALL,5m,DAILY_4H_1H_15M,30,766,46.15117832437787,25.050952069337605,-36.48162237397735,3.7431893683899298,0.4516971279373368,13.909921671018276,0.5013054830287206,0.27284595300261094,0.09138381201044386,0.3347022587268994,0.2629310344827586
ALL,5m,DAILY_ONLY,30,4978,32.46178279368284,19.28357046071083,-29.338475542136358,0.5384964791710877,0.47830453997589395,13.868220168742466,0.4120128565689032,0.19043792687826436,0.05363599839292889,0.2917602996254682,0.22752293577981653
ALL,5m,FULL_ALIGNMENT,30,766,46.15117832437787,25.050952069337605,-36.48162237397735,3.7431893683899298,0.4516971279373368,13.909921671018276,0.5013054830287206,0.27284595300261094,0.09138381201044386,0.3347022587268994,0.2629310344827586
ALL,5m,DAILY_4H,60,2878,50.28135854809923,30.06538306759232,-44.164362914304704,0.1525514728588875,0.4777623349548297,26.861362056984017,0.5580264072272412,0.3227936066712995,0.12300208478109799,0.3149381541389153,0.26943462897526504
ALL,5m,DAILY_4H_1H,60,1650,56.968844565627315,32.85511289247811,-47.69809188424003,-0.6877839325674149,0.4581818181818182,26.10969696969697,0.5836363636363636,0.3496969696969697,0.14606060606060606,0.3167062549485352,0.2913719943422914
ALL,5m,DAILY_4H_1H_15M,60,766,66.07196527336953,36.82592608053259,-51.22257876159141,2.3112192084136582,0.45430809399477806,25.886422976501304,0.6122715404699739,0.4007832898172324,0.16449086161879894,0.3501628664495114,0.28851540616246496
ALL,5m,DAILY_ONLY,60,4978,47.09804493466961,28.76314045678341,-41.805061420192956,0.9405539376095547,0.4889513860988349,27.314182402571312,0.5464041783848935,0.3019284853354761,0.10968260345520289,0.31375317706862466,0.2643171806167401
ALL,5m,FULL_ALIGNMENT,60,766,66.07196527336953,36.82592608053259,-51.22257876159141,2.3112192084136582,0.45430809399477806,25.886422976501304,0.6122715404699739,0.4007832898172324,0.16449086161879894,0.3501628664495114,0.28851540616246496
ALL,5m,DAILY_4H,120,2878,70.18006001259889,42.70470207028643,-64.82710308689066,-2.962353451505773,0.4722029186935372,52.28978457261987,0.6692147324530924,0.4457956914523975,0.21056289089645588,0.32524850894632207,0.2928275044457617
ALL,5m,DAILY_4H_1H,120,1650,78.68472056353278,46.702720708301506,-70.04073728120372,-5.080868968907932,0.4527272727272727,50.98909090909091,0.6848484848484848,0.4824242424242424,0.2387878787878788,0.3319919517102616,0.305984555984556
ALL,5m,DAILY_4H_1H_15M,120,766,91.14828990192399,52.16107780355195,-74.89729011877982,-5.322783170460087,0.4490861618798956,49.20626631853786,0.6984334203655352,0.5143603133159269,0.25718015665796345,0.34992887624466573,0.29558541266794625
ALL,5m,DAILY_ONLY,120,4978,66.06203856777528,40.668506187094835,-61.09945530849521,-0.9148031509994408,0.47428686219365207,53.15628766572921,0.6591000401767778,0.42828445158698275,0.19325030132583368,0.32393381496154744,0.2849982098102399
ALL,5m,FULL_ALIGNMENT,120,766,91.14828990192399,52.16107780355195,-74.89729011877982,-5.322783170460087,0.4490861618798956,49.20626631853786,0.6984334203655352,0.5143603133159269,0.25718015665796345,0.34992887624466573,0.29558541266794625
ALL,5m,DAILY_4H,240,2878,100.77973075360528,61.74330420569252,-91.53837397279874,1.1343311121354103,0.4770674079221682,105.21994440583738,0.76546212647672,0.5833912439193885,0.33043780403057676,0.3352812271731191,0.30933940774487473
ALL,5m,DAILY_4H_1H,240,1650,110.6748359419023,67.27922500094908,-97.91891277453551,-1.5920692207758669,0.45696969696969697,102.44121212121212,0.78,0.6139393939393939,0.35515151515151516,0.34166146158650845,0.3224334600760456
ALL,5m,DAILY_4H_1H_15M,240,766,123.62773412645163,70.95626710096225,-104.69717836658008,-2.6409704927841284,0.4516971279373368,98.7597911227154,0.7845953002610966,0.6331592689295039,0.3785900783289817,0.35781041388518026,0.319047619047619
ALL,5m,DAILY_ONLY,240,4978,95.70466535762934,60.52679723489107,-87.64698638842816,3.1108874723034097,0.48674166331860186,108.02189634391321,0.7627561269586179,0.5735235034150261,0.3179991964644436,0.33276595744680854,0.30800214822771216
ALL,5m,FULL_ALIGNMENT,240,766,123.62773412645163,70.95626710096225,-104.69717836658008,-2.6409704927841284,0.4516971279373368,98.7597911227154,0.7845953002610966,0.6331592689295039,0.3785900783289817,0.35781041388518026,0.319047619047619
BTCUSDT,15m,DAILY_4H,15,303,18.800305596087757,10.441767068272156,-16.08570954166712,2.185060500813165,0.46534653465346537,7.075907590759076,0.264026402640264,0.07920792079207921,0.013201320132013201,0.2631578947368421,0.23529411764705882
BTCUSDT,15m,DAILY_4H_1H,15,153,21.69206624455199,12.229729729729133,-16.699463673202516,3.500884650701633,0.4444444444444444,6.96078431372549,0.30718954248366015,0.09803921568627451,0.0196078431372549,0.3157894736842105,0.3333333333333333
BTCUSDT,15m,DAILY_4H_1H_15M,15,153,21.69206624455199,12.229729729729133,-16.699463673202516,3.500884650701633,0.4444444444444444,6.96078431372549,0.30718954248366015,0.09803921568627451,0.0196078431372549,0.3157894736842105,0.3333333333333333
BTCUSDT,15m,DAILY_ONLY,15,533,17.814077538375805,10.561235729373841,-15.71054004906222,0.9040255363854699,0.45590994371482174,7.0356472795497185,0.24390243902439024,0.06566604127579738,0.009380863039399626,0.234375,0.18518518518518517
BTCUSDT,15m,FULL_ALIGNMENT,15,148,21.898830745930365,12.226571727217417,-17.05582473949715,3.2917979982221146,0.43243243243243246,6.837837837837838,0.3108108108108108,0.10135135135135136,0.02027027027027027,0.3157894736842105,0.3333333333333333
BTCUSDT,15m,DAILY_4H,30,303,27.16519777136953,15.355186687293632,-23.075224161125924,1.336017902024713,0.48184818481848185,14.102310231023102,0.37293729372937295,0.1419141914191419,0.04950495049504951,0.29508196721311475,0.3409090909090909
BTCUSDT,15m,DAILY_4H_1H,30,153,31.935271856411717,16.882186674471722,-25.457063066383995,3.3001666515494614,0.48366013071895425,14.006535947712418,0.43790849673202614,0.1895424836601307,0.06535947712418301,0.36764705882352944,0.35714285714285715
BTCUSDT,15m,DAILY_4H_1H_15M,30,153,31.935271856411717,16.882186674471722,-25.457063066383995,3.3001666515494614,0.48366013071895425,14.006535947712418,0.43790849673202614,0.1895424836601307,0.06535947712418301,0.36764705882352944,0.35714285714285715
BTCUSDT,15m,DAILY_ONLY,30,533,26.104638703311537,15.355186687293632,-22.719324125387196,1.2235641989208228,0.48405253283302063,14.0,0.35647279549718575,0.13696060037523453,0.03564727954971857,0.28703703703703703,0.2638888888888889
BTCUSDT,15m,FULL_ALIGNMENT,30,148,32.31383549910424,16.633661460578875,-26.063931959129782,3.183932427541023,0.47297297297297297,14.094594594594595,0.4391891891891892,0.19594594594594594,0.06756756756756757,0.373134328358209,0.35714285714285715
BTCUSDT,15m,DAILY_4H,60,303,36.445919074979734,21.349487362600783,-33.694730385778634,-2.794508776784696,0.4521452145214521,27.221122112211223,0.47854785478547857,0.23432343234323433,0.0891089108910891,0.292817679558011,0.3023255813953488
BTCUSDT,15m,DAILY_4H_1H,60,153,43.27801287525679,27.440873256519005,-35.24158743941724,-1.3325760604727108,0.45751633986928103,27.22875816993464,0.5359477124183006,0.3006535947712418,0.12418300653594772,0.3434343434343434,0.34615384615384615
BTCUSDT,15m,DAILY_4H_1H_15M,60,153,43.27801287525679,27.440873256519005,-35.24158743941724,-1.3325760604727108,0.45751633986928103,27.22875816993464,0.5359477124183006,0.3006535947712418,0.12418300653594772,0.3434343434343434,0.34615384615384615
BTCUSDT,15m,DAILY_ONLY,60,533,36.29801802729289,22.245929253228436,-32.15871502061688,-0.09456169668445492,0.4803001876172608,27.682926829268293,0.4803001876172608,0.23452157598499063,0.07317073170731707,0.2888198757763975,0.27007299270072993
BTCUSDT,15m,FULL_ALIGNMENT,60,148,43.91096364142843,28.30305335255634,-36.13239918024531,-1.546252079274926,0.44594594594594594,26.91891891891892,0.5337837837837838,0.3108108108108108,0.12837837837837837,0.3469387755102041,0.34615384615384615
BTCUSDT,15m,DAILY_4H,120,303,57.38491787945504,35.88717949715159,-47.43802689913725,5.617362634995784,0.45544554455445546,58.23762376237624,0.6072607260726073,0.3696369636963696,0.17491749174917492,0.3218884120171674,0.30201342281879195
BTCUSDT,15m,DAILY_4H_1H,120,153,66.93489647389022,44.27154455396432,-49.391360905456104,10.740532633707108,0.477124183006536,59.99346405228758,0.6470588235294118,0.45098039215686275,0.2222222222222222,0.3870967741935484,0.34146341463414637
BTCUSDT,15m,DAILY_4H_1H_15M,120,153,66.93489647389022,44.27154455396432,-49.391360905456104,10.740532633707108,0.477124183006536,59.99346405228758,0.6470588235294118,0.45098039215686275,0.2222222222222222,0.3870967741935484,0.34146341463414637
BTCUSDT,15m,DAILY_ONLY,120,533,55.04498933417614,35.19411876284906,-44.78934556142914,6.570350917223763,0.4803001876172608,56.98499061913696,0.6022514071294559,0.3677298311444653,0.16135084427767354,0.3235294117647059,0.3020408163265306
BTCUSDT,15m,FULL_ALIGNMENT,120,148,67.81590338621317,44.115705969175465,-50.75050851602755,10.519550748390118,0.46621621621621623,59.020270270270274,0.6486486486486487,0.44594594594594594,0.22972972972972974,0.375,0.34146341463414637
BTCUSDT,15m,DAILY_4H,240,303,76.90942524435665,55.08407924796677,-67.98195599880101,2.4031729691832853,0.46864686468646866,109.84818481848185,0.6963696369636964,0.5181518151815182,0.2706270627062706,0.32727272727272727,0.3235294117647059
BTCUSDT,15m,DAILY_4H_1H,240,153,90.81679256885728,66.26210462984173,-69.26383930079797,8.370309976329033,0.5032679738562091,117.45098039215686,0.7516339869281046,0.5947712418300654,0.33986928104575165,0.39436619718309857,0.3893805309734513
BTCUSDT,15m,DAILY_4H_1H_15M,240,153,90.81679256885728,66.26210462984173,-69.26383930079797,8.370309976329033,0.5032679738562091,117.45098039215686,0.7516339869281046,0.5947712418300654,0.33986928104575165,0.39436619718309857,0.3893805309734513
BTCUSDT,15m,DAILY_ONLY,240,533,74.8890565272426,51.46370454521376,-64.74660365062748,4.7537883593084524,0.49343339587242024,106.38273921200751,0.7035647279549718,0.5065666041275797,0.2626641651031895,0.32426778242677823,0.31976744186046513
BTCUSDT,15m,FULL_ALIGNMENT,240,148,90.68864032357551,66.06453515640598,-69.60843433884737,8.111232113513356,0.49324324324324326,114.31756756756756,0.7432432432432432,0.5878378378378378,0.3310810810810811,0.38405797101449274,0.3761467889908257
BTCUSDT,1h,DAILY_4H,15,52,21.904601872384603,14.395329018547232,-16.987620375499066,5.1655649298568145,0.5,7.076923076923077,0.3076923076923077,0.09615384615384616,0.019230769230769232,0.3333333333333333,0.2
BTCUSDT,1h,DAILY_4H_1H,15,52,21.904601872384603,14.395329018547232,-16.987620375499066,5.1655649298568145,0.5,7.076923076923077,0.3076923076923077,0.09615384615384616,0.019230769230769232,0.3333333333333333,0.2
BTCUSDT,1h,DAILY_4H_1H_15M,15,52,21.904601872384603,14.395329018547232,-16.987620375499066,5.1655649298568145,0.5,7.076923076923077,0.3076923076923077,0.09615384615384616,0.019230769230769232,0.3333333333333333,0.2
BTCUSDT,1h,DAILY_ONLY,15,116,18.941022863607422,11.829439749196924,-19.2570920778462,-0.1700698726864952,0.49137931034482757,6.913793103448276,0.21551724137931033,0.08620689655172414,0.017241379310344827,0.23809523809523808,0.15384615384615385
BTCUSDT,1h,FULL_ALIGNMENT,15,50,22.07767580260684,14.395329018547232,-16.43357316188969,5.698915626031733,0.5,7.08,0.3,0.1,0.02,0.35714285714285715,0.25
BTCUSDT,1h,DAILY_4H,30,52,34.469204442562415,18.246828313635,-22.158196892208977,7.832402229944832,0.5192307692307693,13.48076923076923,0.36538461538461536,0.17307692307692307,0.09615384615384616,0.3076923076923077,0.4
BTCUSDT,1h,DAILY_4H_1H,30,52,34.469204442562415,18.246828313635,-22.158196892208977,7.832402229944832,0.5192307692307693,13.48076923076923,0.36538461538461536,0.17307692307692307,0.09615384615384616,0.3076923076923077,0.4
BTCUSDT,1h,DAILY_4H_1H_15M,30,52,34.469204442562415,18.246828313635,-22.158196892208977,7.832402229944832,0.5192307692307693,13.48076923076923,0.36538461538461536,0.17307692307692307,0.09615384615384616,0.3076923076923077,0.4
BTCUSDT,1h,DAILY_ONLY,30,116,27.964599887547255,15.868270439826082,-25.703755172626263,1.0319939217540155,0.4482758620689655,13.181034482758621,0.33620689655172414,0.13793103448275862,0.0603448275862069,0.2413793103448276,0.24
BTCUSDT,1h,FULL_ALIGNMENT,30,50,35.14486247559176,18.246828313635,-21.695599093089466,8.975855800408185,0.52,13.74,0.36,0.18,0.1,0.32,0.4444444444444444
BTCUSDT,1h,DAILY_4H,60,52,49.15123670979063,21.274305203645703,-32.03023303491635,15.103879501498565,0.4807692307692308,24.807692307692307,0.46153846153846156,0.2692307692307692,0.11538461538461539,0.30303030303030304,0.29411764705882354
BTCUSDT,1h,DAILY_4H_1H,60,52,49.15123670979063,21.274305203645703,-32.03023303491635,15.103879501498565,0.4807692307692308,24.807692307692307,0.46153846153846156,0.2692307692307692,0.11538461538461539,0.30303030303030304,0.29411764705882354
BTCUSDT,1h,DAILY_4H_1H_15M,60,52,49.15123670979063,21.274305203645703,-32.03023303491635,15.103879501498565,0.4807692307692308,24.807692307692307,0.46153846153846156,0.2692307692307692,0.11538461538461539,0.30303030303030304,0.29411764705882354
BTCUSDT,1h,DAILY_ONLY,60,116,39.47189421216181,20.843255760065738,-36.026289602961555,3.7401146623793298,0.45689655172413796,24.362068965517242,0.43103448275862066,0.22413793103448276,0.10344827586206896,0.273972602739726,0.225
BTCUSDT,1h,FULL_ALIGNMENT,60,50,50.4141760335091,21.274305203645703,-31.85171584504143,16.034638038813846,0.48,25.52,0.46,0.28,0.12,0.3125,0.3125
BTCUSDT,1h,DAILY_4H,120,52,64.08817080478404,31.650376268438364,-51.781632664512685,0.5938487915515454,0.4423076923076923,49.42307692307692,0.5961538461538461,0.36538461538461536,0.19230769230769232,0.3,0.2962962962962963
BTCUSDT,1h,DAILY_4H_1H,120,52,64.08817080478404,31.650376268438364,-51.781632664512685,0.5938487915515454,0.4423076923076923,49.42307692307692,0.5961538461538461,0.36538461538461536,0.19230769230769232,0.3,0.2962962962962963
BTCUSDT,1h,DAILY_4H_1H_15M,120,52,64.08817080478404,31.650376268438364,-51.781632664512685,0.5938487915515454,0.4423076923076923,49.42307692307692,0.5961538461538461,0.36538461538461536,0.19230769230769232,0.3,0.2962962962962963
BTCUSDT,1h,DAILY_ONLY,120,116,53.21590272002627,28.641388773733567,-53.17261928399079,-3.3337528362335243,0.4224137931034483,50.189655172413794,0.5431034482758621,0.3017241379310345,0.16379310344827586,0.26744186046511625,0.25862068965517243
BTCUSDT,1h,FULL_ALIGNMENT,120,50,64.17168930683926,30.58487932651066,-52.187015623954004,0.26370330857348206,0.44,46.78,0.58,0.36,0.2,0.3076923076923077,0.3076923076923077
BTCUSDT,1h,DAILY_4H,240,52,85.84400534134024,44.01610599453986,-73.73273758081793,3.603806504387477,0.5192307692307693,96.32692307692308,0.7115384615384616,0.4807692307692308,0.23076923076923078,0.3181818181818182,0.2571428571428571
BTCUSDT,1h,DAILY_4H_1H,240,52,85.84400534134024,44.01610599453986,-73.73273758081793,3.603806504387477,0.5192307692307693,96.32692307692308,0.7115384615384616,0.4807692307692308,0.23076923076923078,0.3181818181818182,0.2571428571428571
BTCUSDT,1h,DAILY_4H_1H_15M,240,52,85.84400534134024,44.01610599453986,-73.73273758081793,3.603806504387477,0.5192307692307693,96.32692307692308,0.7115384615384616,0.4807692307692308,0.23076923076923078,0.3181818181818182,0.2571428571428571
BTCUSDT,1h,DAILY_ONLY,240,116,69.67286133501487,33.39438071705114,-77.041171434282,-11.434133707476457,0.4482758620689655,90.94827586206897,0.646551724137931,0.3879310344827586,0.20689655172413793,0.2755102040816326,0.2361111111111111
BTCUSDT,1h,FULL_ALIGNMENT,240,50,86.18724208170171,40.08004420600675,-72.65171640143787,5.490100204325699,0.52,95.06,0.7,0.46,0.24,0.30952380952380953,0.2647058823529412
BTCUSDT,1m,DAILY_4H,15,4777,16.54956129402965,10.224421501017211,-15.712703231526195,0.32006401202801865,0.4948712581117856,7.307933849696462,0.2070337031609797,0.05819552020096295,0.010676156583629894,0.22995594713656387,0.18587360594795538
BTCUSDT,1m,DAILY_4H_1H,15,2928,17.8242454925322,11.07527194359803,-16.672266933927343,0.5280649622900055,0.5047814207650273,7.407445355191257,0.22643442622950818,0.06967213114754098,0.01331967213114754,0.24518613607188702,0.2
BTCUSDT,1m,DAILY_4H_1H_15M,15,1608,20.005580679306647,12.033282376491261,-17.94671166172056,1.0444062508402454,0.4975124378109453,7.380597014925373,0.26243781094527363,0.08893034825870647,0.01927860696517413,0.2732919254658385,0.234375
BTCUSDT,1m,DAILY_ONLY,15,8092,15.720771703730431,9.629745721392302,-14.931122634972322,0.3579252060346481,0.49480968858131485,7.34453781512605,0.189817103311913,0.05202669303015324,0.009515570934256055,0.2233502538071066,0.19437340153452684
BTCUSDT,1m,FULL_ALIGNMENT,15,933,21.309595498838128,12.308553720803417,-18.804764440893408,1.3395173532630178,0.48767416934619506,7.106109324758842,0.2958199356913183,0.09646302250803858,0.021436227224008574,0.27124183006535946,0.24096385542168675
BTCUSDT,1m,DAILY_4H,30,4777,23.999879302314948,14.750445632798481,-22.953853549762474,0.6328802465837277,0.4980113041657944,14.28909357337241,0.32363407996650617,0.11618170399832531,0.026795059660875028,0.2502596053997923,0.190625
BTCUSDT,1m,DAILY_4H_1H,30,2928,26.177808053211674,16.31605351134713,-24.07630471157857,1.2317620885847156,0.5047814207650273,14.476434426229508,0.3514344262295082,0.1362704918032787,0.03278688524590164,0.27101335428122547,0.20642201834862386
BTCUSDT,1m,DAILY_4H_1H_15M,30,1608,29.339463911295553,17.918614746621486,-25.82856672134714,1.7507931745481395,0.5049751243781094,14.355099502487562,0.3917910447761194,0.16728855721393035,0.04415422885572139,0.30361757105943155,0.22887323943661972
BTCUSDT,1m,DAILY_ONLY,30,8092,22.74963176748519,14.133543834791151,-21.773184280460963,0.3953407388210471,0.495304003954523,14.286826495304004,0.3061047948591201,0.10528917449332674,0.023232822540781017,0.24331376386170905,0.18645833333333334
BTCUSDT,1m,FULL_ALIGNMENT,30,933,31.848518593731512,19.391728239874784,-26.98084793549668,3.020723622062775,0.5166130760986066,14.166130760986066,0.42979635584137194,0.1864951768488746,0.05359056806002144,0.3136456211812627,0.25136612021857924
BTCUSDT,1m,DAILY_4H,60,4777,34.932062515734756,21.880988542373192,-33.33019948942848,0.35922179773210783,0.49445258530458447,28.455516014234874,0.45216663177726607,0.21205777684739377,0.06468494871258111,0.2883478260869565,0.22953451043338685
BTCUSDT,1m,DAILY_4H_1H,60,2928,38.289464709387396,24.020177760284422,-34.92582293274144,0.5820747667346792,0.49351092896174864,28.60928961748634,0.4812158469945355,0.24316939890710382,0.07581967213114754,0.31365113759479957,0.2469733656174334
BTCUSDT,1m,DAILY_4H_1H_15M,60,1608,43.22608600562303,26.063012254083915,-37.2791213007681,1.694526167400888,0.4894278606965174,28.067164179104477,0.5124378109452736,0.2835820895522388,0.10012437810945274,0.3321201091901729,0.279383429672447
BTCUSDT,1m,DAILY_ONLY,60,8092,32.990648651916956,20.875726017355323,-31.65832205972697,0.4548918402964534,0.4922145328719723,28.33910034602076,0.43388531883341575,0.1962432031636184,0.05758774097874444,0.2795813754805639,0.22412008281573498
BTCUSDT,1m,FULL_ALIGNMENT,60,933,46.00214708333223,28.893270882708322,-38.51136172170507,1.6358743922932977,0.4737406216505895,27.105037513397644,0.5423365487674169,0.3065380493033226,0.12004287245444802,0.3421828908554572,0.30864197530864196
BTCUSDT,1m,DAILY_4H,120,4777,50.45286171246554,31.569415567425096,-47.8496790347057,0.2911947605700022,0.48838182960016746,55.60958760728491,0.5819552020096295,0.34059032865815364,0.13250994347917103,0.31960417223856646,0.2675921493537578
BTCUSDT,1m,DAILY_4H_1H,120,2928,55.47260540212806,35.69286664546701,-50.188979890404084,0.6140305823268887,0.4887295081967213,55.81693989071038,0.6140710382513661,0.3790983606557377,0.1489071038251366,0.34484228473998296,0.28241430700447095
BTCUSDT,1m,DAILY_4H_1H_15M,120,1608,62.345611874460324,37.74095500233665,-53.46272269738862,1.8258768679219801,0.47947761194029853,54.05410447761194,0.6343283582089553,0.4141791044776119,0.1822139303482587,0.3501126972201352,0.3079754601226994
BTCUSDT,1m,DAILY_ONLY,120,8092,47.85417099895037,30.39004297194614,-45.74891932280101,0.9913580785082696,0.49085516559565,55.836999505684624,0.5679683638161147,0.3226643598615917,0.12073652990608008,0.3101449275362319,0.26173285198555957
BTCUSDT,1m,FULL_ALIGNMENT,120,933,65.23559014769457,42.122621137590244,-54.74037734528551,4.220114538506076,0.5005359056806002,54.160771704180064,0.6645230439442658,0.44694533762057875,0.2015005359056806,0.3656716417910448,0.3185483870967742
BTCUSDT,1m,DAILY_4H,240,4777,74.31109293585664,47.16926864624105,-68.44768724890966,1.4469344200523802,0.4848231107389575,110.50533807829181,0.6920661503035378,0.4762403181913335,0.23299141720745237,0.33233463931781515,0.2927469642271086
BTCUSDT,1m,DAILY_4H_1H,240,2928,81.10682773779384,50.59352551283314,-71.34775474960318,1.333402921546247,0.4805327868852459,108.58572404371584,0.7137978142076503,0.5047814207650273,0.2619535519125683,0.35291930085533657,0.31513903192584963
BTCUSDT,1m,DAILY_4H_1H_15M,240,1608,90.84240308829568,56.65364091917979,-76.01442485998886,1.9008898380622823,0.4577114427860697,105.05099502487562,0.7251243781094527,0.5310945273631841,0.30472636815920395,0.35479543930248153,0.3303964757709251
BTCUSDT,1m,DAILY_ONLY,240,8092,69.58284987170889,44.953161664077484,-65.44962794947651,1.9075066862113434,0.4893722194760257,110.34280771131982,0.680919426594167,0.4598368759268413,0.2161393969352447,0.3238121395221093,0.29132106008496866
BTCUSDT,1m,FULL_ALIGNMENT,240,933,95.52745372955658,61.98160280807885,-76.4103121544145,4.687589626059742,0.46516613076098606,104.85423365487674,0.744908896034298,0.5734190782422294,0.32261521972132906,0.3735763097949886,0.33527696793002915
BTCUSDT,5m,DAILY_4H,15,958,16.56101842270362,10.006788402070477,-16.13491120287434,-0.6220342283430014,0.4572025052192067,6.8528183716075155,0.20041753653444677,0.060542797494780795,0.010438413361169102,0.2330508474576271,0.1694915254237288
BTCUSDT,5m,DAILY_4H_1H,15,570,18.403611759129184,11.4354467941713,-17.20013056013671,-0.4407719492265335,0.45789473684210524,6.882456140350877,0.22105263157894736,0.07368421052631578,0.014035087719298246,0.28187919463087246,0.1951219512195122
BTCUSDT,5m,DAILY_4H_1H_15M,15,249,19.799487603283456,11.813249820082916,-19.912631079245426,-1.6969883654533138,0.42570281124497994,6.767068273092369,0.23293172690763053,0.08433734939759036,0.020080321285140562,0.2692307692307692,0.19230769230769232
BTCUSDT,5m,DAILY_ONLY,15,1618,15.923023525060856,9.8132110884952,-15.508727724174172,-0.7580088268499281,0.4579728059332509,6.892459826946848,0.18603213844252164,0.0550061804697157,0.011124845488257108,0.23743016759776536,0.19148936170212766
BTCUSDT,5m,FULL_ALIGNMENT,15,249,19.799487603283456,11.813249820082916,-19.912631079245426,-1.6969883654533138,0.42570281124497994,6.767068273092369,0.23293172690763053,0.08433734939759036,0.020080321285140562,0.2692307692307692,0.19230769230769232
BTCUSDT,5m,DAILY_4H,30,958,25.083309225811597,15.043807352684846,-23.084659708937405,-0.3139741356400317,0.48434237995824636,14.169102296450939,0.32045929018789143,0.12317327766179541,0.029227557411273485,0.2593516209476309,0.20930232558139536
BTCUSDT,5m,DAILY_4H_1H,30,570,27.64849778011976,15.810385938020977,-24.89490986347407,-0.634476334761784,0.44912280701754387,13.552631578947368,0.3385964912280702,0.1368421052631579,0.042105263157894736,0.28125,0.26136363636363635
BTCUSDT,5m,DAILY_4H_1H_15M,30,249,31.450606935774843,16.568806829928562,-27.91502141487451,0.3000462201430404,0.4538152610441767,13.859437751004016,0.3654618473895582,0.1646586345381526,0.05622489959839357,0.29365079365079366,0.25
BTCUSDT,5m,DAILY_ONLY,30,1618,23.529326542536165,14.122361347245205,-22.06782981526649,-0.294927852443576,0.48702101359703337,14.07849196538937,0.3034610630407911,0.11557478368355995,0.02533992583436341,0.26582278481012656,0.20408163265306123
BTCUSDT,5m,FULL_ALIGNMENT,30,249,31.450606935774843,16.568806829928562,-27.91502141487451,0.3000462201430404,0.4538152610441767,13.859437751004016,0.3654618473895582,0.1646586345381526,0.05622489959839357,0.29365079365079366,0.25
BTCUSDT,5m,DAILY_4H,60,958,36.1764127705406,22.569689818469072,-33.44188234543848,-1.4406545490309055,0.477035490605428,27.65240083507307,0.4561586638830898,0.22860125260960334,0.06889352818371608,0.2956521739130435,0.24150943396226415
BTCUSDT,5m,DAILY_4H_1H,60,570,39.46775752134623,23.168663768680098,-36.25478652542317,-2.7012118195947967,0.45087719298245615,26.719298245614034,0.4666666666666667,0.24736842105263157,0.08947368421052632,0.29863013698630136,0.2752808988764045
BTCUSDT,5m,DAILY_4H_1H_15M,60,249,43.359618681504024,24.0434182629512,-39.17917208461054,-3.3725114216835257,0.4497991967871486,26.779116465863453,0.4859437751004016,0.2931726907630522,0.10441767068273092,0.3236994219653179,0.26666666666666666
BTCUSDT,5m,DAILY_ONLY,60,1618,33.934200516452655,21.32704823611831,-31.686848476436495,-0.6672540488852465,0.4888751545117429,28.196538936959207,0.4468479604449938,0.21013597033374537,0.05624227441285538,0.2953813104189044,0.22797927461139897
BTCUSDT,5m,FULL_ALIGNMENT,60,249,43.359618681504024,24.0434182629512,-39.17917208461054,-3.3725114216835257,0.4497991967871486,26.779116465863453,0.4859437751004016,0.2931726907630522,0.10441767068273092,0.3236994219653179,0.26666666666666666
BTCUSDT,5m,DAILY_4H,120,958,50.20708357849024,32.29712452191169,-50.19068797685346,-4.871120244819207,0.46242171189979125,52.48329853862213,0.5751565762004175,0.33611691022964507,0.1304801670146138,0.308,0.25806451612903225
BTCUSDT,5m,DAILY_4H_1H,120,570,55.539033752161075,35.317093127805734,-54.35004001629423,-6.86949360356823,0.43508771929824563,51.43333333333333,0.5859649122807018,0.3684210526315789,0.1543859649122807,0.3199152542372881,0.27816901408450706
BTCUSDT,5m,DAILY_4H_1H_15M,120,249,62.18122919854757,37.463892124174336,-59.982699186817136,-10.596919873095025,0.42168674698795183,48.34538152610442,0.5943775100401606,0.40160642570281124,0.1686746987951807,0.330188679245283,0.2535211267605634
BTCUSDT,5m,DAILY_ONLY,120,1618,47.64098268697349,30.514299884327745,-46.84006764181578,-2.6686550406991243,0.46786155747836833,53.584054388133495,0.5630407911001236,0.3207663782447466,0.11557478368355995,0.3083131557707829,0.24963072378138848
BTCUSDT,5m,FULL_ALIGNMENT,120,249,62.18122919854757,37.463892124174336,-59.982699186817136,-10.596919873095025,0.42168674698795183,48.34538152610442,0.5943775100401606,0.40160642570281124,0.1686746987951807,0.330188679245283,0.2535211267605634
BTCUSDT,5m,DAILY_4H,240,958,72.61616434847693,45.26243815470288,-70.73853562703991,-2.5172913954955503,0.4613778705636743,103.70563674321504,0.6805845511482255,0.47390396659707723,0.2265135699373695,0.32988505747126434,0.2766990291262136
BTCUSDT,5m,DAILY_4H_1H,240,570,80.2199363786528,50.91500674245353,-75.02361408333071,-2.2095279152067877,0.443859649122807,102.73333333333333,0.6912280701754386,0.5070175438596491,0.2596491228070175,0.3407821229050279,0.29896907216494845
BTCUSDT,5m,DAILY_4H_1H_15M,240,249,87.65663213936482,54.18882427977279,-84.23623175122377,-6.16373533705698,0.40963855421686746,99.15261044176707,0.6746987951807228,0.5220883534136547,0.27309236947791166,0.3445378151260504,0.2824858757062147
BTCUSDT,5m,DAILY_ONLY,240,1618,69.89224738215201,44.42242216756487,-66.76896956604817,0.6706827660404655,0.4783683559950556,106.49134734239803,0.6823238566131026,0.46662546353522866,0.2218788627935723,0.3280386740331492,0.2837162837162837
BTCUSDT,5m,FULL_ALIGNMENT,240,249,87.65663213936482,54.18882427977279,-84.23623175122377,-6.16373533705698,0.40963855421686746,99.15261044176707,0.6746987951807228,0.5220883534136547,0.27309236947791166,0.3445378151260504,0.2824858757062147
ETHUSDT,15m,DAILY_4H,15,314,27.303180960946108,16.107691455801152,-24.596290352897125,-0.08573557196661816,0.4554140127388535,6.388535031847134,0.35987261146496813,0.1592356687898089,0.03821656050955414,0.2867132867132867,0.18867924528301888
ETHUSDT,15m,DAILY_4H_1H,15,148,32.70806682052262,21.280026304082433,-28.765516565265358,-0.06880246734201158,0.4797297297297297,6.743243243243243,0.4594594594594595,0.1891891891891892,0.05405405405405406,0.2597402597402597,0.17647058823529413
ETHUSDT,15m,DAILY_4H_1H_15M,15,148,32.70806682052262,21.280026304082433,-28.765516565265358,-0.06880246734201158,0.4797297297297297,6.743243243243243,0.4594594594594595,0.1891891891891892,0.05405405405405406,0.2597402597402597,0.17647058823529413
ETHUSDT,15m,DAILY_ONLY,15,559,27.022645804992216,16.197471776291383,-23.673037172987183,-0.04602993297618119,0.46153846153846156,6.282647584973167,0.3595706618962433,0.1592128801431127,0.03756708407871199,0.3055555555555556,0.2261904761904762
ETHUSDT,15m,FULL_ALIGNMENT,15,138,32.8820560627415,21.078509323766426,-29.784376328871648,-0.9087406361165947,0.463768115942029,6.659420289855072,0.4420289855072464,0.1956521739130435,0.057971014492753624,0.2602739726027397,0.17647058823529413
ETHUSDT,15m,DAILY_4H,30,314,36.74351222440103,22.61644050714939,-35.323431742539746,-2.374821109285449,0.46496815286624205,12.78343949044586,0.48089171974522293,0.23248407643312102,0.07006369426751592,0.2894736842105263,0.21739130434782608
ETHUSDT,15m,DAILY_4H_1H,30,148,42.19908833201708,28.681056001009786,-42.90412157901157,-6.764005272487389,0.46621621621621623,12.68918918918919,0.5608108108108109,0.27702702702702703,0.06756756756756757,0.29591836734693877,0.14814814814814814
ETHUSDT,15m,DAILY_4H_1H_15M,30,148,42.19908833201708,28.681056001009786,-42.90412157901157,-6.764005272487389,0.46621621621621623,12.68918918918919,0.5608108108108109,0.27702702702702703,0.06756756756756757,0.29591836734693877,0.14814814814814814
ETHUSDT,15m,DAILY_ONLY,30,559,36.561157542690346,22.512370343772403,-33.57887160129639,-1.4151144597569592,0.46332737030411447,12.581395348837209,0.47584973166368516,0.23076923076923078,0.06976744186046512,0.30383480825958703,0.23870967741935484
ETHUSDT,15m,FULL_ALIGNMENT,30,138,42.418373873948745,27.129288629906824,-44.61413053512502,-8.289292981199328,0.4492753623188406,12.528985507246377,0.5362318840579711,0.2826086956521739,0.07246376811594203,0.2903225806451613,0.1509433962264151
ETHUSDT,15m,DAILY_4H,60,314,51.67210961335335,33.86872237536976,-50.15685864182616,-6.635388721179259,0.42038216560509556,24.754777070063696,0.5987261146496815,0.3535031847133758,0.14012738853503184,0.32113821138211385,0.26573426573426573
ETHUSDT,15m,DAILY_4H_1H,60,148,58.37835864219497,40.28435044081347,-60.9753048035477,-13.673592679822427,0.41216216216216217,24.175675675675677,0.6756756756756757,0.38513513513513514,0.14189189189189189,0.3170731707317073,0.2073170731707317
ETHUSDT,15m,DAILY_4H_1H_15M,60,148,58.37835864219497,40.28435044081347,-60.9753048035477,-13.673592679822427,0.41216216216216217,24.175675675675677,0.6756756756756757,0.38513513513513514,0.14189189189189189,0.3170731707317073,0.2073170731707317
ETHUSDT,15m,DAILY_ONLY,60,559,51.86385812796945,33.746794054565484,-46.48431108293597,-2.0231655020529526,0.44543828264758495,24.481216457960645,0.590339892665474,0.34525939177101966,0.13595706618962433,0.32558139534883723,0.288135593220339
ETHUSDT,15m,FULL_ALIGNMENT,60,138,59.010362788691424,40.00342348294717,-62.28256554514644,-14.039661475668655,0.391304347826087,24.159420289855074,0.6594202898550725,0.391304347826087,0.14492753623188406,0.3076923076923077,0.20512820512820512
ETHUSDT,15m,DAILY_4H,120,314,71.13729440893181,43.29509116154373,-72.22501300623851,-6.26740936934711,0.39490445859872614,46.531847133757964,0.6687898089171974,0.46178343949044587,0.24203821656050956,0.3380281690140845,0.28708133971291866
ETHUSDT,15m,DAILY_4H_1H,120,148,79.93359469668077,54.874185710014345,-82.0649906382902,-8.158755455147576,0.3783783783783784,44.88513513513514,0.7297297297297297,0.5135135135135135,0.24324324324324326,0.35251798561151076,0.23893805309734514
ETHUSDT,15m,DAILY_4H_1H_15M,120,148,79.93359469668077,54.874185710014345,-82.0649906382902,-8.158755455147576,0.3783783783783784,44.88513513513514,0.7297297297297297,0.5135135135135135,0.24324324324324326,0.35251798561151076,0.23893805309734514
ETHUSDT,15m,DAILY_ONLY,120,559,71.0095645741373,44.17323985825394,-67.76900995848513,-3.927006033056354,0.4329159212880143,47.914132379248656,0.6762075134168157,0.4561717352415027,0.22361359570661896,0.346,0.2959770114942529
ETHUSDT,15m,FULL_ALIGNMENT,120,138,81.144112809682,54.874185710014345,-83.20160598002103,-7.628728970054413,0.3695652173913043,45.43478260869565,0.717391304347826,0.5144927536231884,0.2463768115942029,0.3384615384615385,0.23148148148148148
ETHUSDT,15m,DAILY_4H,240,314,106.16055919168711,67.15247590286744,-99.16234269448314,1.7125569923240191,0.4426751592356688,101.78980891719745,0.7579617834394905,0.5796178343949044,0.35987261146496813,0.347682119205298,0.29615384615384616
ETHUSDT,15m,DAILY_4H_1H,240,148,124.54503108292704,80.25735328982876,-107.89424634361697,7.548990528493804,0.43243243243243246,103.87837837837837,0.7972972972972973,0.6351351351351351,0.3716216216216216,0.3673469387755102,0.26717557251908397
ETHUSDT,15m,DAILY_4H_1H_15M,240,148,124.54503108292704,80.25735328982876,-107.89424634361697,7.548990528493804,0.43243243243243246,103.87837837837837,0.7972972972972973,0.6351351351351351,0.3716216216216216,0.3673469387755102,0.26717557251908397
ETHUSDT,15m,DAILY_ONLY,240,559,104.07234374252855,65.77036837859707,-95.84865295876365,4.9386455461270415,0.46332737030411447,104.1520572450805,0.7620751341681574,0.5778175313059034,0.3416815742397138,0.35195530726256985,0.30022075055187636
ETHUSDT,15m,FULL_ALIGNMENT,240,138,125.3098586893595,80.25735328982876,-109.31095039242018,7.522923008842837,0.42028985507246375,103.26811594202898,0.7898550724637681,0.6376811594202898,0.36231884057971014,0.35036496350364965,0.2459016393442623
ETHUSDT,1h,DAILY_4H,15,55,29.39504059790445,21.830716200688105,-25.290778509876233,1.3865082047023098,0.509090909090909,8.218181818181819,0.4727272727272727,0.2,0.05454545454545454,0.4230769230769231,0.2727272727272727
ETHUSDT,1h,DAILY_4H_1H,15,55,29.39504059790445,21.830716200688105,-25.290778509876233,1.3865082047023098,0.509090909090909,8.218181818181819,0.4727272727272727,0.2,0.05454545454545454,0.4230769230769231,0.2727272727272727
ETHUSDT,1h,DAILY_4H_1H_15M,15,54,29.906303023989185,23.187794026989785,-25.556021032153378,1.4726594346964115,0.5185185185185185,8.314814814814815,0.48148148148148145,0.2037037037037037,0.05555555555555555,0.4230769230769231,0.2727272727272727
ETHUSDT,1h,DAILY_ONLY,15,124,23.945817492783217,14.732391772321884,-26.166055803133517,-2.445207566276206,0.4838709677419355,7.193548387096774,0.3467741935483871,0.1532258064516129,0.03225806451612903,0.3333333333333333,0.18181818181818182
ETHUSDT,1h,FULL_ALIGNMENT,15,52,30.44035973499918,23.187794026989785,-26.505574821949608,1.2447593943251252,0.5192307692307693,8.173076923076923,0.4807692307692308,0.21153846153846154,0.057692307692307696,0.4230769230769231,0.2727272727272727
ETHUSDT,1h,DAILY_4H,30,55,40.563322911203606,27.87970529906092,-32.51781942040786,4.941490120550955,0.4727272727272727,14.763636363636364,0.6,0.2909090909090909,0.10909090909090909,0.358974358974359,0.29411764705882354
ETHUSDT,1h,DAILY_4H_1H,30,55,40.563322911203606,27.87970529906092,-32.51781942040786,4.941490120550955,0.4727272727272727,14.763636363636364,0.6,0.2909090909090909,0.10909090909090909,0.358974358974359,0.29411764705882354
ETHUSDT,1h,DAILY_4H_1H_15M,30,54,41.04292789342891,28.15220936461804,-32.63163588206776,5.411254157816749,0.48148148148148145,14.685185185185185,0.6111111111111112,0.2962962962962963,0.1111111111111111,0.3684210526315789,0.29411764705882354
ETHUSDT,1h,DAILY_ONLY,30,124,32.12792224324629,21.37492824711873,-32.56863790241282,0.02450475246479919,0.4596774193548387,14.225806451612904,0.4596774193548387,0.24193548387096775,0.056451612903225805,0.31645569620253167,0.17142857142857143
ETHUSDT,1h,FULL_ALIGNMENT,30,52,41.879210872021346,28.15220936461804,-33.81891579299546,5.176874485192237,0.46153846153846156,14.346153846153847,0.6153846153846154,0.3076923076923077,0.11538461538461539,0.3684210526315789,0.29411764705882354
ETHUSDT,1h,DAILY_4H,60,55,62.95649358143488,43.033062455575255,-40.352053979623385,17.301827224886278,0.5272727272727272,25.181818181818183,0.6363636363636364,0.43636363636363634,0.21818181818181817,0.35555555555555557,0.38461538461538464
ETHUSDT,1h,DAILY_4H_1H,60,55,62.95649358143488,43.033062455575255,-40.352053979623385,17.301827224886278,0.5272727272727272,25.181818181818183,0.6363636363636364,0.43636363636363634,0.21818181818181817,0.35555555555555557,0.38461538461538464
ETHUSDT,1h,DAILY_4H_1H_15M,60,54,63.850786909405194,43.35991346563151,-40.55960203176701,17.90121586097338,0.5370370370370371,25.296296296296298,0.6481481481481481,0.4444444444444444,0.2222222222222222,0.36363636363636365,0.38461538461538464
ETHUSDT,1h,DAILY_ONLY,60,124,51.23375140142709,28.11330870677642,-45.88226522046703,2.981410787876698,0.47580645161290325,25.758064516129032,0.5403225806451613,0.3709677419354839,0.14516129032258066,0.3402061855670103,0.2777777777777778
ETHUSDT,1h,FULL_ALIGNMENT,60,52,65.44804701543394,44.05444312293727,-41.95169342951566,17.901217708816183,0.5192307692307693,24.73076923076923,0.6538461538461539,0.46153846153846156,0.23076923076923078,0.36363636363636365,0.38461538461538464
ETHUSDT,1h,DAILY_4H,120,55,95.32964909081824,48.71799498385121,-54.94065332455774,32.617138196382676,0.6,54.236363636363635,0.7272727272727273,0.4727272727272727,0.3090909090909091,0.3617021276595745,0.36363636363636365
ETHUSDT,1h,DAILY_4H_1H,120,55,95.32964909081824,48.71799498385121,-54.94065332455774,32.617138196382676,0.6,54.236363636363635,0.7272727272727273,0.4727272727272727,0.3090909090909091,0.3617021276595745,0.36363636363636365
ETHUSDT,1h,DAILY_4H_1H_15M,120,54,96.82344529859195,49.04615165894688,-54.02400900303864,34.13855592148795,0.6111111111111112,54.888888888888886,0.7407407407407407,0.48148148148148145,0.3148148148148148,0.3695652173913043,0.375
ETHUSDT,1h,DAILY_ONLY,120,124,77.3311089719926,42.789908609778266,-63.48079124978118,13.512527368732398,0.5080645161290323,51.33870967741935,0.6612903225806451,0.4435483870967742,0.23387096774193547,0.32727272727272727,0.2702702702702703
ETHUSDT,1h,FULL_ALIGNMENT,120,52,98.68133440418254,49.04615165894688,-55.93396220737466,34.3651338313361,0.5961538461538461,53.36538461538461,0.75,0.4807692307692308,0.3269230769230769,0.35555555555555557,0.375
ETHUSDT,1h,DAILY_4H,240,55,135.17485819320495,85.92854363213887,-97.97329739702641,18.447960337545137,0.5454545454545454,115.81818181818181,0.9272727272727272,0.6909090909090909,0.45454545454545453,0.3888888888888889,0.38095238095238093
ETHUSDT,1h,DAILY_4H_1H,240,55,135.17485819320495,85.92854363213887,-97.97329739702641,18.447960337545137,0.5454545454545454,115.81818181818181,0.9272727272727272,0.6909090909090909,0.45454545454545453,0.3888888888888889,0.38095238095238093
ETHUSDT,1h,DAILY_4H_1H_15M,240,54,137.40652864361547,86.38531819677885,-88.10336191158214,28.945421148275255,0.5555555555555556,117.61111111111111,0.9444444444444444,0.7037037037037037,0.46296296296296297,0.39622641509433965,0.3902439024390244
ETHUSDT,1h,DAILY_ONLY,240,124,108.59176414962263,68.3367950796554,-92.2336783682936,5.456447638749494,0.46774193548387094,103.76612903225806,0.7983870967741935,0.6048387096774194,0.3467741935483871,0.35,0.2717391304347826
ETHUSDT,1h,FULL_ALIGNMENT,240,52,140.43842101902132,87.48323828115967,-90.68272792498166,29.16595674263135,0.5576923076923077,118.34615384615384,0.9423076923076923,0.7115384615384616,0.4807692307692308,0.39215686274509803,0.3902439024390244
ETHUSDT,1m,DAILY_4H,15,4921,23.287885921326442,13.99757375388333,-21.666692632555762,0.5267176861066432,0.4834383255435887,7.227596017069701,0.3005486689697216,0.11562690510058932,0.029668766510871775,0.2681505034446211,0.2504472271914132
ETHUSDT,1m,DAILY_4H_1H,15,2917,25.902200786692713,15.451740316831941,-23.044636292344837,1.036528904212521,0.4847446006170723,7.2670551936921495,0.3356187864244086,0.14192663695577648,0.03770997600274254,0.2939739413680782,0.2659846547314578
ETHUSDT,1m,DAILY_4H_1H_15M,15,1655,29.229840927151137,17.12756705242624,-24.443980411949035,1.8103844194539425,0.4882175226586103,7.122658610271904,0.3722054380664653,0.17220543806646527,0.04954682779456193,0.32180851063829785,0.29844961240310075
ETHUSDT,1m,DAILY_ONLY,15,8364,22.276074766652066,13.342205847074462,-20.543934792594047,0.3023083120766574,0.48266379722620756,7.198469631755141,0.2868244858919177,0.10868005738880918,0.02582496413199426,0.2710404241219351,0.2421420256111758
ETHUSDT,1m,FULL_ALIGNMENT,15,970,32.574557573308724,18.74975540682278,-25.969107879854363,2.18605603555671,0.4865979381443299,7.041237113402062,0.3979381443298969,0.20412371134020618,0.06597938144329897,0.34782608695652173,0.3409090909090909
ETHUSDT,1m,DAILY_4H,30,4921,34.292179538278546,20.69487903189504,-31.377602146866632,0.632745636624766,0.4822190611664296,14.048160942897786,0.43385490753911804,0.20178825441983336,0.0631985368827474,0.2916221033868093,0.2528041415012942
ETHUSDT,1m,DAILY_4H_1H,30,2917,38.7712182980167,23.08582643484325,-33.32584249698011,1.7026686905835469,0.48303051079876586,14.058621871786082,0.4696606102159753,0.2396297565992458,0.08056222146040452,0.31573033707865167,0.2811296534017972
ETHUSDT,1m,DAILY_4H_1H_15M,30,1655,44.45263996209468,25.23860479695772,-35.25571571475847,2.994163386088803,0.47311178247734137,13.768580060422961,0.5021148036253776,0.283987915407855,0.10453172205438066,0.3426704014939309,0.3215686274509804
ETHUSDT,1m,DAILY_ONLY,30,8364,32.49406437004614,19.750612308205852,-30.12517310086268,0.516503853424681,0.4844571975131516,13.99988043998087,0.41750358680057387,0.19045911047345768,0.05535628885700622,0.29011943539630836,0.24070021881838075
ETHUSDT,1m,FULL_ALIGNMENT,30,970,49.55275332226535,27.617623865942022,-36.73919615194621,4.635514974066747,0.45979381443298967,13.657731958762886,0.5216494845360825,0.31752577319587627,0.12886597938144329,0.35479041916167664,0.36645962732919257
ETHUSDT,1m,DAILY_4H,60,4921,50.075142132396756,30.589386227333204,-46.03026428656386,1.0657499882057677,0.491769965454176,27.947571631782157,0.572444625076204,0.32168258484047957,0.12680349522454787,0.3138198342689121,0.2737457379444715
ETHUSDT,1m,DAILY_4H_1H,60,2917,57.125012842442395,34.80442440340737,-48.30740355726487,2.679275627433855,0.4977716832362016,28.13301336990058,0.6088447034624614,0.36750085704490915,0.155296537538567,0.3379369874838153,0.30477634571645185
ETHUSDT,1m,DAILY_4H_1H_15M,60,1655,65.80233379404943,36.71706263498997,-50.867032057519815,4.979629826616842,0.486404833836858,27.708157099697885,0.6247734138972809,0.4042296072507553,0.19093655589123867,0.352112676056338,0.33533653846153844
ETHUSDT,1m,DAILY_ONLY,60,8364,47.032277852713975,29.53875815084661,-44.29152347885116,0.6265795468192858,0.4954567192730751,27.76183644189383,0.5540411286465806,0.30762792922046867,0.1133428981348637,0.31218805345355016,0.2637904468412943
ETHUSDT,1m,FULL_ALIGNMENT,60,970,73.31192789110655,42.087181272980615,-52.091675141815756,7.20295306322234,0.4865979381443299,27.108247422680414,0.6453608247422681,0.44123711340206184,0.22577319587628866,0.35872235872235875,0.3754863813229572
ETHUSDT,1m,DAILY_4H,120,4921,73.23596703515628,44.43071788119646,-66.53581987914127,0.2830798045677517,0.4940052834789677,54.91465149359886,0.6901036374720585,0.4623044096728307,0.22170290591343222,0.33788706739526414,0.3036248752909877
ETHUSDT,1m,DAILY_4H_1H,120,2917,83.68702884560237,51.004144086708166,-69.7757811843977,2.595808567548513,0.497086047308879,55.2958519026397,0.7250599931436408,0.5111415838189921,0.2547137470003428,0.3598200899550225,0.3237639553429027
ETHUSDT,1m,DAILY_4H_1H_15M,120,1655,96.90241276890238,53.99335013780204,-74.16573947606008,5.82825162881717,0.4851963746223565,54.33051359516616,0.7359516616314199,0.5238670694864048,0.29667673716012083,0.3575197889182058,0.3451015004413063
ETHUSDT,1m,DAILY_ONLY,120,8364,68.94291236458223,43.525255212744085,-64.03007476635469,1.029524100099962,0.499402199904352,55.14598278335725,0.676231468197035,0.45241511238641796,0.20827355332376854,0.3377204884667571,0.29708222811671087
ETHUSDT,1m,FULL_ALIGNMENT,120,970,107.58429264124076,59.66802029697904,-75.21901887499723,10.709470883085068,0.48762886597938143,53.452577319587625,0.7556701030927835,0.5618556701030928,0.32989690721649484,0.37320044296788485,0.3762811127379209
ETHUSDT,1m,DAILY_4H,240,4921,107.08044922372063,65.61227823844496,-96.02506957226628,1.6356973055774724,0.48933143669985774,107.42125584230847,0.7880512091038406,0.6010973379394432,0.34505181873602925,0.3471317503677243,0.3271099744245524
ETHUSDT,1m,DAILY_4H_1H,240,2917,122.37967847619676,75.05597394667384,-101.86627782276247,2.875536733032183,0.49160095989029823,106.14192663695577,0.8148782996229003,0.6468974974288653,0.38429893726431263,0.36843946815955214,0.3425164473684211
ETHUSDT,1m,DAILY_4H_1H_15M,240,1655,140.3704391428359,80.36644286879557,-106.43377176058998,7.869578194528109,0.4755287009063444,103.10151057401812,0.8217522658610272,0.6422960725075528,0.42114803625377645,0.3650401482396541,0.3519830028328612
ETHUSDT,1m,DAILY_ONLY,240,8364,99.85108572084003,64.06115365435672,-93.16569381072955,1.9119078422026379,0.4970109995217599,108.59528933524629,0.7784552845528455,0.5887135341941655,0.3285509325681492,0.3457699026703269,0.3199074074074074
ETHUSDT,1m,FULL_ALIGNMENT,240,970,153.0952317136801,85.45748609964599,-105.90977477124528,14.884874993701013,0.5010309278350515,101.09484536082475,0.8371134020618557,0.6762886597938145,0.4484536082474227,0.37777777777777777,0.3803827751196172
ETHUSDT,5m,DAILY_4H,15,997,25.15612905025457,14.255991369345189,-22.220189876322888,0.5838744402376508,0.4844533600802407,7.100300902708124,0.3159478435305918,0.12236710130391174,0.03911735205616851,0.27296587926509186,0.24503311258278146
ETHUSDT,5m,DAILY_4H_1H,15,568,29.54608997288202,16.184099413868445,-24.125698367183293,2.0906355355012627,0.4841549295774648,7.0,0.375,0.1602112676056338,0.051056338028169015,0.3130081300813008,0.2828282828282828
ETHUSDT,5m,DAILY_4H_1H_15M,15,274,31.303582063393264,17.147269108602757,-26.23184463048238,1.9626523728978267,0.48905109489051096,6.916058394160584,0.39416058394160586,0.18248175182481752,0.05474452554744526,0.32061068702290074,0.25925925925925924
ETHUSDT,5m,DAILY_ONLY,15,1685,23.976073767292743,13.942450311481558,-20.85491216907713,0.3495149344627101,0.4878338278931751,7.029673590504451,0.3020771513353116,0.11632047477744807,0.03382789317507418,0.2845394736842105,0.2570093457943925
ETHUSDT,5m,FULL_ALIGNMENT,15,274,31.303582063393264,17.147269108602757,-26.23184463048238,1.9626523728978267,0.48905109489051096,6.916058394160584,0.39416058394160586,0.18248175182481752,0.05474452554744526,0.32061068702290074,0.25925925925925924
ETHUSDT,5m,DAILY_4H,30,997,35.84257269561664,20.72502808067478,-31.547550464118334,0.1621826206268682,0.4633901705115346,13.393179538615847,0.4453360080240722,0.21263791374122368,0.06318956870611836,0.2954954954954955,0.2235294117647059
ETHUSDT,5m,DAILY_4H_1H,30,568,42.16588459819046,24.632178647161496,-34.62563038463215,0.855423011233712,0.4665492957746479,13.036971830985916,0.4982394366197183,0.25880281690140844,0.08450704225352113,0.3237822349570201,0.2682926829268293
ETHUSDT,5m,DAILY_4H_1H_15M,30,274,48.33511482013322,28.350397721571554,-37.53186031924073,3.0521778977114664,0.4489051094890511,13.39051094890511,0.551094890510949,0.29927007299270075,0.0948905109489051,0.34065934065934067,0.25274725274725274
ETHUSDT,5m,DAILY_ONLY,30,1685,34.77257378957453,20.660827644698454,-30.014188118489635,0.9139199379353626,0.47655786350148366,13.528783382789317,0.43857566765578637,0.20771513353115728,0.06112759643916914,0.3103448275862069,0.24556962025316456
ETHUSDT,5m,FULL_ALIGNMENT,30,274,48.33511482013322,28.350397721571554,-37.53186031924073,3.0521778977114664,0.4489051094890511,13.39051094890511,0.551094890510949,0.29927007299270075,0.0948905109489051,0.34065934065934067,0.25274725274725274
ETHUSDT,5m,DAILY_4H,60,997,52.18642243496125,31.28398159765622,-45.264493839994685,0.38513300215073065,0.46940822467402205,26.15245737211635,0.5817452357071213,0.3410230692076229,0.1334002006018054,0.3306878306878307,0.2765432098765432
ETHUSDT,5m,DAILY_4H_1H,60,568,60.057244685020535,35.81694185233797,-49.80593898356559,-0.5432527762021689,0.4507042253521127,25.276408450704224,0.6267605633802817,0.375,0.15492957746478872,0.33043478260869563,0.28793774319066145
ETHUSDT,5m,DAILY_4H_1H_15M,60,274,68.96404131546993,38.997361881421,-54.13938104715852,1.654513578933055,0.41605839416058393,24.222627737226276,0.6605839416058394,0.42700729927007297,0.1678832116788321,0.3562231759656652,0.26618705035971224
ETHUSDT,5m,DAILY_ONLY,60,1685,50.61708796851961,30.930628479695077,-43.06218475296327,1.654900140992585,0.486053412462908,26.437388724035607,0.5756676557863502,0.3293768545994065,0.12344213649851632,0.3362549800796813,0.28328173374613
ETHUSDT,5m,FULL_ALIGNMENT,60,274,68.96404131546993,38.997361881421,-54.13938104715852,1.654513578933055,0.41605839416058393,24.222627737226276,0.6605839416058394,0.42700729927007297,0.1678832116788321,0.3562231759656652,0.26618705035971224
ETHUSDT,5m,DAILY_4H,120,997,72.92944079588258,45.25070605538417,-67.09206158621556,-3.3098581009327925,0.4583751253761284,50.795386158475424,0.6900702106318957,0.46940822467402205,0.2246740220661986,0.3355629877369008,0.2993421052631579
ETHUSDT,5m,DAILY_4H_1H,120,568,83.31484552859617,52.845476359516525,-73.43203705416065,-4.917367265163522,0.4471830985915493,49.75,0.7235915492957746,0.522887323943662,0.2517605633802817,0.3408662900188324,0.3076923076923077
ETHUSDT,5m,DAILY_4H_1H_15M,120,274,96.0552548874551,57.04499576463462,-80.46394932253105,-8.328514021897785,0.4233576642335766,47.64598540145985,0.7445255474452555,0.5474452554744526,0.2591240875912409,0.3436293436293436,0.28061224489795916
ETHUSDT,5m,DAILY_ONLY,120,1685,70.34594663839863,43.49616862572958,-63.72201733089849,-0.256228047676909,0.4682492581602374,51.468842729970326,0.68486646884273,0.45875370919881303,0.21186943620178042,0.3431438127090301,0.2978936810431294
ETHUSDT,5m,FULL_ALIGNMENT,120,274,96.0552548874551,57.04499576463462,-80.46394932253105,-8.328514021897785,0.4233576642335766,47.64598540145985,0.7445255474452555,0.5474452554744526,0.2591240875912409,0.3436293436293436,0.28061224489795916
ETHUSDT,5m,DAILY_4H,240,997,104.9437885083774,63.328817177812354,-94.32896301273446,1.3167016365421353,0.477432296890672,103.679037111334,0.7903711133400201,0.6068204613841525,0.35005015045135407,0.34511434511434513,0.32051282051282054
ETHUSDT,5m,DAILY_4H_1H,240,568,116.49612712172683,70.65920255099334,-102.53554219552741,-1.8691971845454802,0.4630281690140845,100.14084507042253,0.8186619718309859,0.6514084507042254,0.36971830985915494,0.35062611806797855,0.32978723404255317
ETHUSDT,5m,DAILY_4H_1H_15M,240,274,131.35973152837556,76.26242840230834,-111.9468550978037,-2.1189588019033145,0.4562043795620438,95.71897810218978,0.8357664233576643,0.6605839416058394,0.38321167883211676,0.35185185185185186,0.3162393162393162
ETHUSDT,5m,DAILY_ONLY,240,1685,101.50615726577513,63.5361133425838,-91.12865030516033,4.811200876223825,0.49317507418397627,106.32166172106825,0.7875370919881306,0.6053412462908012,0.34362017804154305,0.3496287128712871,0.3198473282442748
ETHUSDT,5m,FULL_ALIGNMENT,240,274,131.35973152837556,76.26242840230834,-111.9468550978037,-2.1189588019033145,0.4562043795620438,95.71897810218978,0.8357664233576643,0.6605839416058394,0.38321167883211676,0.35185185185185186,0.3162393162393162
SOLUSDT,15m,DAILY_4H,15,287,34.0783601106656,18.86347559537871,-27.829930285899895,2.753964796207022,0.49825783972125437,6.735191637630662,0.4250871080139373,0.23344947735191637,0.059233449477351915,0.35,0.2982456140350877
SOLUSDT,15m,DAILY_4H_1H,15,145,40.73818961336983,27.760152284264095,-30.608133621455643,2.468344199603944,0.5241379310344828,7.144827586206897,0.5379310344827586,0.2827586206896552,0.06206896551724138,0.3695652173913043,0.2647058823529412
SOLUSDT,15m,DAILY_4H_1H_15M,15,145,40.73818961336983,27.760152284264095,-30.608133621455643,2.468344199603944,0.5241379310344828,7.144827586206897,0.5379310344827586,0.2827586206896552,0.06206896551724138,0.3695652173913043,0.2647058823529412
SOLUSDT,15m,DAILY_ONLY,15,541,29.491365540673772,17.202354006338183,-26.751428026904364,-0.023645428044390272,0.4731977818853974,6.482439926062846,0.3789279112754159,0.18114602587800369,0.04805914972273567,0.3054545454545455,0.27956989247311825
SOLUSDT,15m,FULL_ALIGNMENT,15,136,41.00723071397822,29.2070484581497,-30.663037665484413,3.0752858367113154,0.5294117647058824,7.3088235294117645,0.5441176470588235,0.27941176470588236,0.0661764705882353,0.37209302325581395,0.28125
SOLUSDT,15m,DAILY_4H,30,287,50.733776420525096,31.469631805307596,-38.44090572153181,5.828975860887629,0.4634146341463415,13.72822299651568,0.5574912891986062,0.3519163763066202,0.1254355400696864,0.3427230046948357,0.3541666666666667
SOLUSDT,15m,DAILY_4H_1H,30,145,57.79518691197195,41.90751445086516,-43.91733228189347,4.6518944713416674,0.4896551724137931,13.862068965517242,0.6482758620689655,0.42758620689655175,0.15172413793103448,0.3826086956521739,0.3389830508474576
SOLUSDT,15m,DAILY_4H_1H_15M,30,145,57.79518691197195,41.90751445086516,-43.91733228189347,4.6518944713416674,0.4896551724137931,13.862068965517242,0.6482758620689655,0.42758620689655175,0.15172413793103448,0.3826086956521739,0.3389830508474576
SOLUSDT,15m,DAILY_ONLY,30,541,42.92593663252695,27.40334765219732,-37.43092885684115,0.4471490115287336,0.4491682070240296,13.279112754158964,0.5286506469500925,0.2846580406654344,0.09057301293900184,0.30238726790450926,0.2781065088757396
SOLUSDT,15m,FULL_ALIGNMENT,30,136,58.90496831478342,42.401052483197475,-44.04685867842005,5.747956971626402,0.5,14.264705882352942,0.6544117647058824,0.4338235294117647,0.16176470588235295,0.3888888888888889,0.35714285714285715
SOLUSDT,15m,DAILY_4H,60,287,67.53745440909557,44.205000690702434,-56.37101114062196,0.3940942900978463,0.4808362369337979,25.317073170731707,0.6376306620209059,0.46689895470383275,0.21254355400696864,0.3466135458167331,0.35668789808917195
SOLUSDT,15m,DAILY_4H_1H,60,145,74.67909401929121,54.180519640438796,-62.10983877652045,-1.0662437725329517,0.47586206896551725,22.882758620689657,0.696551724137931,0.5241379310344828,0.2413793103448276,0.3953488372093023,0.36666666666666664
SOLUSDT,15m,DAILY_4H_1H_15M,60,145,74.67909401929121,54.180519640438796,-62.10983877652045,-1.0662437725329517,0.47586206896551725,22.882758620689657,0.696551724137931,0.5241379310344828,0.2413793103448276,0.3953488372093023,0.36666666666666664
SOLUSDT,15m,DAILY_ONLY,60,541,58.886520754504964,39.5427421094241,-53.601580498596945,-0.3175790194600295,0.4805914972273567,25.68761552680222,0.6303142329020333,0.40850277264325324,0.16820702402957485,0.3304535637149028,0.304029304029304
SOLUSDT,15m,FULL_ALIGNMENT,60,136,76.14960545793222,54.37538942458464,-61.322410755612204,0.36391986328687703,0.4852941176470588,23.227941176470587,0.7058823529411765,0.5294117647058824,0.25,0.39669421487603307,0.3764705882352941
SOLUSDT,15m,DAILY_4H,120,287,90.3499117102539,61.64631935210885,-82.06932556519115,5.825133631927153,0.4912891986062718,52.12543554006969,0.710801393728223,0.5714285714285714,0.3205574912891986,0.3553113553113553,0.35071090047393366
SOLUSDT,15m,DAILY_4H_1H,120,145,100.34867373088295,69.55657682275351,-91.29018148294182,5.034094090382549,0.4896551724137931,51.36551724137931,0.7655172413793103,0.6275862068965518,0.36551724137931035,0.4028776978417266,0.391304347826087
SOLUSDT,15m,DAILY_4H_1H_15M,120,145,100.34867373088295,69.55657682275351,-91.29018148294182,5.034094090382549,0.4896551724137931,51.36551724137931,0.7655172413793103,0.6275862068965518,0.36551724137931035,0.4028776978417266,0.391304347826087
SOLUSDT,15m,DAILY_ONLY,120,541,80.37428083068589,54.06704313348554,-78.19638710672949,0.603443725739567,0.48428835489833644,51.7634011090573,0.7060998151571165,0.5286506469500925,0.27726432532347506,0.33783783783783783,0.316622691292876
SOLUSDT,15m,FULL_ALIGNMENT,120,136,103.05973443171628,72.04989400522832,-90.12647817540825,8.464585778221972,0.49264705882352944,51.669117647058826,0.7720588235294118,0.6323529411764706,0.38235294117647056,0.40458015267175573,0.4036697247706422
SOLUSDT,15m,DAILY_4H,240,287,131.53526279328773,89.46572580645018,-112.41456880015085,7.539464868619157,0.519163763066202,108.88153310104529,0.7874564459930313,0.6794425087108014,0.47735191637630664,0.3607142857142857,0.3888888888888889
SOLUSDT,15m,DAILY_4H_1H,240,145,148.70409495314198,107.09662233729489,-121.96648551753493,5.004291291359477,0.503448275862069,109.79310344827586,0.8275862068965517,0.7241379310344828,0.5310344827586206,0.40425531914893614,0.417910447761194
SOLUSDT,15m,DAILY_4H_1H_15M,240,145,148.70409495314198,107.09662233729489,-121.96648551753493,5.004291291359477,0.503448275862069,109.79310344827586,0.8275862068965517,0.7241379310344828,0.5310344827586206,0.40425531914893614,0.417910447761194
SOLUSDT,15m,DAILY_ONLY,240,541,117.1861461306104,79.58115183246184,-111.37628146355316,1.4285704478933883,0.5009242144177449,108.21441774491682,0.7874306839186691,0.6524953789279113,0.4232902033271719,0.3408662900188324,0.33763440860215055
SOLUSDT,15m,FULL_ALIGNMENT,240,136,153.20726123074832,108.37535378326102,-120.1525567470971,10.654549489145719,0.5073529411764706,111.66176470588235,0.8382352941176471,0.7352941176470589,0.5367647058823529,0.40601503759398494,0.42063492063492064
SOLUSDT,1h,DAILY_4H,15,61,36.29144525758096,18.74819728872268,-28.01881103428201,5.816874848419372,0.4426229508196721,7.016393442622951,0.4262295081967213,0.21311475409836064,0.06557377049180328,0.2702702702702703,0.3076923076923077
SOLUSDT,1h,DAILY_4H_1H,15,61,36.29144525758096,18.74819728872268,-28.01881103428201,5.816874848419372,0.4426229508196721,7.016393442622951,0.4262295081967213,0.21311475409836064,0.06557377049180328,0.2702702702702703,0.3076923076923077
SOLUSDT,1h,DAILY_4H_1H_15M,15,56,37.8129531192448,22.52638417565178,-28.425390907299622,6.712201142044279,0.44642857142857145,7.339285714285714,0.44642857142857145,0.21428571428571427,0.07142857142857142,0.2647058823529412,0.3333333333333333
SOLUSDT,1h,DAILY_ONLY,15,125,33.99186959555824,20.13963480128833,-28.899871670403257,5.180139705283287,0.504,7.048,0.432,0.256,0.048,0.3048780487804878,0.2222222222222222
SOLUSDT,1h,FULL_ALIGNMENT,15,56,37.8129531192448,22.52638417565178,-28.425390907299622,6.712201142044279,0.44642857142857145,7.339285714285714,0.44642857142857145,0.21428571428571427,0.07142857142857142,0.2647058823529412,0.3333333333333333
SOLUSDT,1h,DAILY_4H,30,61,46.299560722436055,25.542784163474774,-36.61965435838752,3.552726902378124,0.45901639344262296,12.60655737704918,0.5409836065573771,0.2786885245901639,0.09836065573770492,0.24,0.3333333333333333
SOLUSDT,1h,DAILY_4H_1H,30,61,46.299560722436055,25.542784163474774,-36.61965435838752,3.552726902378124,0.45901639344262296,12.60655737704918,0.5409836065573771,0.2786885245901639,0.09836065573770492,0.24,0.3333333333333333
SOLUSDT,1h,DAILY_4H_1H_15M,30,56,48.24534448598174,27.578760992842398,-37.39618672718431,4.048078504697077,0.44642857142857145,12.732142857142858,0.5714285714285714,0.2857142857142857,0.10714285714285714,0.2391304347826087,0.35294117647058826
SOLUSDT,1h,DAILY_ONLY,30,125,44.41043131980022,25.542784163474774,-37.47486727540407,3.5474765536121726,0.472,13.872,0.52,0.32,0.096,0.3,0.2682926829268293
SOLUSDT,1h,FULL_ALIGNMENT,30,56,48.24534448598174,27.578760992842398,-37.39618672718431,4.048078504697077,0.44642857142857145,12.732142857142858,0.5714285714285714,0.2857142857142857,0.10714285714285714,0.2391304347826087,0.35294117647058826
SOLUSDT,1h,DAILY_4H,60,61,66.16011542605796,35.30733429625954,-54.75994423282807,8.294954152322036,0.45901639344262296,27.18032786885246,0.6885245901639344,0.36065573770491804,0.19672131147540983,0.25,0.3235294117647059
SOLUSDT,1h,DAILY_4H_1H,60,61,66.16011542605796,35.30733429625954,-54.75994423282807,8.294954152322036,0.45901639344262296,27.18032786885246,0.6885245901639344,0.36065573770491804,0.19672131147540983,0.25,0.3235294117647059
SOLUSDT,1h,DAILY_4H_1H_15M,60,56,67.69190870065957,35.746197517734224,-54.85361609677846,10.484461221352825,0.4642857142857143,26.678571428571427,0.6964285714285714,0.35714285714285715,0.17857142857142858,0.23529411764705882,0.3
SOLUSDT,1h,DAILY_ONLY,60,125,61.05040583668262,37.30183400683762,-53.936399772756296,5.004864032246615,0.48,27.656,0.64,0.408,0.192,0.3211009174311927,0.29850746268656714
SOLUSDT,1h,FULL_ALIGNMENT,60,56,67.69190870065957,35.746197517734224,-54.85361609677846,10.484461221352825,0.4642857142857143,26.678571428571427,0.6964285714285714,0.35714285714285715,0.17857142857142858,0.23529411764705882,0.3
SOLUSDT,1h,DAILY_4H,120,61,101.58973238094381,45.53734061931047,-75.72079172180692,19.259934160313353,0.32786885245901637,50.39344262295082,0.7868852459016393,0.4918032786885246,0.26229508196721313,0.26666666666666666,0.3
SOLUSDT,1h,DAILY_4H_1H,120,61,101.58973238094381,45.53734061931047,-75.72079172180692,19.259934160313353,0.32786885245901637,50.39344262295082,0.7868852459016393,0.4918032786885246,0.26229508196721313,0.26666666666666666,0.3
SOLUSDT,1h,DAILY_4H_1H_15M,120,56,104.92900119035902,45.081560785238395,-74.45112511593652,22.217915694068893,0.30357142857142855,49.589285714285715,0.7857142857142857,0.48214285714285715,0.25,0.2545454545454545,0.28888888888888886
SOLUSDT,1h,DAILY_ONLY,120,125,87.76224375536653,50.45683894722597,-76.24058454009399,8.004802076192659,0.44,49.304,0.744,0.512,0.264,0.3220338983050847,0.30434782608695654
SOLUSDT,1h,FULL_ALIGNMENT,120,56,104.92900119035902,45.081560785238395,-74.45112511593652,22.217915694068893,0.30357142857142855,49.589285714285715,0.7857142857142857,0.48214285714285715,0.25,0.2545454545454545,0.28888888888888886
SOLUSDT,1h,DAILY_4H,240,61,142.01680011487215,67.14225765841242,-111.57501757520889,25.72961707159827,0.4918032786885246,118.31147540983606,0.8360655737704918,0.639344262295082,0.3770491803278688,0.26229508196721313,0.2982456140350877
SOLUSDT,1h,DAILY_4H_1H,240,61,142.01680011487215,67.14225765841242,-111.57501757520889,25.72961707159827,0.4918032786885246,118.31147540983606,0.8360655737704918,0.639344262295082,0.3770491803278688,0.26229508196721313,0.2982456140350877
SOLUSDT,1h,DAILY_4H_1H_15M,240,56,146.94357775888406,66.74881376408038,-113.50662113482083,29.903364430088622,0.5,119.46428571428571,0.8392857142857143,0.6428571428571429,0.35714285714285715,0.25,0.28846153846153844
SOLUSDT,1h,DAILY_ONLY,240,125,116.21486471591197,66.35536986974833,-100.77295325130919,7.8219904583483295,0.488,106.504,0.816,0.632,0.352,0.3305785123966942,0.2980769230769231
SOLUSDT,1h,FULL_ALIGNMENT,240,56,146.94357775888406,66.74881376408038,-113.50662113482083,29.903364430088622,0.5,119.46428571428571,0.8392857142857143,0.6428571428571429,0.35714285714285715,0.25,0.28846153846153844
SOLUSDT,1m,DAILY_4H,15,4633,26.203523470918334,16.886705557261905,-26.698246866453598,-1.1356495517335938,0.47355924886682493,7.156054392402331,0.3563565724152817,0.1390028059572631,0.03129721562702353,0.23885209713024283,0.1773981603153745
SOLUSDT,1m,DAILY_4H_1H,15,2755,28.39975522392114,18.287349924466234,-28.52340348974925,-1.415402941322126,0.467513611615245,7.1353901996370235,0.3836660617059891,0.15825771324863883,0.037023593466424684,0.24948453608247423,0.1900990099009901
SOLUSDT,1m,DAILY_4H_1H_15M,15,1563,30.488992338772405,19.259576289323288,-30.28523510373276,-1.7559631772412028,0.45489443378119004,6.99872040946897,0.40435060780550225,0.18042226487523993,0.044785668586052464,0.2576617480136209,0.203125
SOLUSDT,1m,DAILY_ONLY,15,8310,25.09680990209143,16.164695436167165,-24.830370856288408,-0.7266965992595714,0.47352587244283995,7.097713598074609,0.34283995186522265,0.1282791817087846,0.026714801444043323,0.2421772285038128,0.17911714770797962
SOLUSDT,1m,FULL_ALIGNMENT,15,896,33.16537189801361,20.978659664677714,-32.078585429916565,-1.3843340328385294,0.453125,6.965401785714286,0.4408482142857143,0.20758928571428573,0.052455357142857144,0.2665441176470588,0.21875
SOLUSDT,1m,DAILY_4H,30,4633,38.17219350979775,24.151811385852984,-38.52489788906879,-1.375937041753584,0.46665227714224045,14.020720915173753,0.4888840923807468,0.24368659615799698,0.07576084610403626,0.2678293366552476,0.21712328767123287
SOLUSDT,1m,DAILY_4H_1H,30,2755,41.75837767630705,25.722684958353614,-41.4533650854537,-1.8167852556676711,0.45952813067150633,13.822141560798547,0.5128856624319419,0.2707803992740472,0.09074410163339383,0.27498756837394334,0.2302231237322515
SOLUSDT,1m,DAILY_4H_1H_15M,30,1563,45.15673174866221,27.478566717960007,-42.61234148622915,-1.1387438174584978,0.4619321817018554,13.6340371081254,0.5329494561740243,0.2962252079334613,0.10556621880998081,0.2849785407725322,0.25
SOLUSDT,1m,DAILY_ONLY,30,8310,36.25563735753233,23.33508934182604,-35.92930628644586,-0.6299679850319183,0.4755716004813478,13.94849578820698,0.47701564380264744,0.22912154031287604,0.06630565583634175,0.272,0.2149215769393811
SOLUSDT,1m,FULL_ALIGNMENT,30,896,50.30960017589757,29.700200582186696,-44.83301503560106,0.2309670862237741,0.4732142857142857,13.486607142857142,0.5714285714285714,0.32589285714285715,0.12723214285714285,0.28939828080229224,0.2770083102493075
SOLUSDT,1m,DAILY_4H,60,4633,55.35176106226129,34.90216816499192,-54.777755650913456,-0.6680157710061977,0.4737750917332182,28.063673645586015,0.6123462119576948,0.3695229872652709,0.14720483488020722,0.29434057604850933,0.2502102607232969
SOLUSDT,1m,DAILY_4H_1H,60,2755,61.15821912432199,36.460344014068724,-58.55027862222269,-1.3681840689428328,0.4577132486388385,27.39709618874773,0.6297640653357531,0.3952813067150635,0.17023593466424683,0.29777594728171336,0.2602827763496144
SOLUSDT,1m,DAILY_4H_1H_15M,60,1563,67.18772248176059,39.967150287434364,-59.52303845870208,1.0393409993037548,0.47920665387076133,27.41650671785029,0.653230966090851,0.4267434420985285,0.18746001279590532,0.3068017366136035,0.2772166105499439
SOLUSDT,1m,DAILY_ONLY,60,8310,52.06606663127147,33.65407109400809,-51.17565823312667,0.1363238630213874,0.4874849578820698,28.048014440433214,0.6070998796630566,0.3529482551143201,0.13080625752105896,0.29761211415259176,0.24446142093200918
SOLUSDT,1m,FULL_ALIGNMENT,60,896,73.09515961770116,45.4789042777104,-61.685359468337445,0.3832289477870669,0.47544642857142855,26.859375,0.6852678571428571,0.46875,0.21651785714285715,0.3116564417177914,0.29831144465290804
SOLUSDT,1m,DAILY_4H,120,4633,81.0580914544243,51.61579892279944,-79.04748773962034,-2.291850351270142,0.47096913447010574,55.531620979926615,0.7250161882149795,0.5083099503561407,0.2521044679473343,0.30634523538776437,0.2783882783882784
SOLUSDT,1m,DAILY_4H_1H,120,2755,88.79579620366935,54.75645635828697,-84.61428694434211,-4.712702070452947,0.45480943738656987,52.98003629764065,0.7303085299455535,0.5259528130671506,0.2754990925589837,0.31167359274650547,0.2777777777777778
SOLUSDT,1m,DAILY_4H_1H_15M,120,1563,97.57245267884089,59.73995548787414,-85.34739310628274,-2.424985825716295,0.4638515674984005,52.10300703774792,0.7402431222008957,0.5527831094049904,0.29878438899552145,0.3164218958611482,0.2907861369399831
SOLUSDT,1m,DAILY_ONLY,120,8310,76.06089807244197,49.789656016617776,-73.81220848711264,-0.4846478799882182,0.48953068592057764,56.2768953068592,0.723826714801444,0.4977135980746089,0.23561973525872443,0.3149007476153648,0.279145546705286
SOLUSDT,1m,FULL_ALIGNMENT,120,896,104.33385525817233,64.97129382224797,-89.5672232972146,-2.7564909393676964,0.45535714285714285,51.6640625,0.7578125,0.5959821428571429,0.33816964285714285,0.3219178082191781,0.30834512022630833
SOLUSDT,1m,DAILY_4H,240,4633,118.12145796627233,74.17709782104876,-112.22809723441283,-3.679311443723734,0.46794733434060004,108.993956399741,0.804230520181308,0.632851284265055,0.388301316641485,0.3114610673665792,0.30139372822299654
SOLUSDT,1m,DAILY_4H_1H,240,2755,129.43652570813768,76.50356006665638,-121.04407279796054,-10.040348239076211,0.4377495462794918,103.51107078039928,0.8,0.6323049001814882,0.4148820326678766,0.31240822320117473,0.30383838383838385
SOLUSDT,1m,DAILY_4H_1H_15M,240,1563,142.92418628400728,85.00677590242756,-120.92169851854739,-6.258400583451383,0.43953934740882916,101.15163147792707,0.8035828534868842,0.6506717850287908,0.44337811900191937,0.3165699548678272,0.31827805222300637
SOLUSDT,1m,DAILY_ONLY,240,8310,109.76719491428176,71.38860020785009,-106.61447328491873,-0.8885754684184662,0.4817087845968712,110.71167268351384,0.8061371841155235,0.6302045728038508,0.36606498194945847,0.3227032993989942,0.3003020279016252
SOLUSDT,1m,FULL_ALIGNMENT,240,896,154.56081765505093,91.80116906048141,-125.73597159216787,-4.704497570868914,0.4185267857142857,98.80022321428571,0.8180803571428571,0.6897321428571429,0.47098214285714285,0.3229050279329609,0.32973621103117506
SOLUSDT,5m,DAILY_4H,15,923,28.80277873489831,17.7935943060481,-25.97952614638109,1.061674156389661,0.4745395449620802,7.057421451787649,0.38028169014084506,0.1581798483206934,0.041170097508125676,0.271523178807947,0.22641509433962265
SOLUSDT,5m,DAILY_4H_1H,15,512,32.0349625094997,20.245334851164422,-27.67534137774191,1.5541879055068724,0.484375,7.146484375,0.419921875,0.166015625,0.05078125,0.2558139534883721,0.24489795918367346
SOLUSDT,5m,DAILY_4H_1H_15M,15,243,34.99594377069806,23.239436619719722,-30.1643502795856,2.893671141670463,0.5061728395061729,7.415637860082304,0.4691358024691358,0.20164609053497942,0.04526748971193416,0.312,0.18
SOLUSDT,5m,DAILY_ONLY,15,1675,26.109001427964735,15.92018679685836,-24.717913151489917,-0.08699756356948991,0.46507462686567164,6.949850746268656,0.3528358208955224,0.14029850746268657,0.03283582089552239,0.261038961038961,0.203125
SOLUSDT,5m,FULL_ALIGNMENT,15,243,34.99594377069806,23.239436619719722,-30.1643502795856,2.893671141670463,0.5061728395061729,7.415637860082304,0.4691358024691358,0.20164609053497942,0.04526748971193416,0.312,0.18
SOLUSDT,5m,DAILY_4H,30,923,43.62619118694821,26.815902996386587,-38.37525640109399,1.7812424531772229,0.46912242686890576,14.29035752979415,0.5265438786565547,0.28060671722643554,0.0866738894907909,0.3050847457627119,0.24
SOLUSDT,5m,DAILY_4H_1H,30,512,49.94624488771862,30.056159772512416,-41.30010810399076,3.0951341076702623,0.47265625,14.048828125,0.552734375,0.302734375,0.109375,0.3016304347826087,0.2648648648648649
SOLUSDT,5m,DAILY_4H_1H_15M,30,243,58.752181105963004,31.645569620253333,-44.07552542671165,8.050513594230976,0.45267489711934156,14.547325102880658,0.5843621399176955,0.35390946502057613,0.12345679012345678,0.3575418994413408,0.2808988764044944
SOLUSDT,5m,DAILY_ONLY,30,1675,38.7656821287741,24.515526500117346,-35.68195559880511,0.9658947123261461,0.4716417910447761,14.006567164179105,0.49014925373134327,0.24537313432835822,0.07343283582089552,0.290990990990991,0.22244488977955912
SOLUSDT,5m,FULL_ALIGNMENT,30,243,58.752181105963004,31.645569620253333,-44.07552542671165,8.050513594230976,0.45267489711934156,14.547325102880658,0.5843621399176955,0.35390946502057613,0.12345679012345678,0.3575418994413408,0.2808988764044944
SOLUSDT,5m,DAILY_4H,60,923,62.86336218807727,38.65526531568353,-54.1051059826264,1.5549432217932897,0.4875406283856988,26.806067172264356,0.638136511375948,0.4008667388949079,0.16793066088840736,0.3138780804150454,0.2792207792207792
SOLUSDT,5m,DAILY_4H_1H,60,512,73.0262827441915,42.54343629343516,-58.09931630242107,1.3933883306945922,0.474609375,26.35546875,0.666015625,0.435546875,0.19921875,0.317351598173516,0.30514705882352944
SOLUSDT,5m,DAILY_4H_1H_15M,60,243,86.08408653196625,45.98257502420155,-60.27444886991584,8.875771757269145,0.5020576131687243,26.847736625514404,0.6872427983539094,0.48148148148148145,0.2222222222222222,0.36538461538461536,0.328125
SOLUSDT,5m,DAILY_ONLY,60,1675,56.27387344609515,34.655061250805645,-50.31432454095714,1.7750375014592168,0.4919402985074627,27.343880597014927,0.6131343283582089,0.3629850746268657,0.1474626865671642,0.30553505535055353,0.26658163265306123
SOLUSDT,5m,FULL_ALIGNMENT,60,243,86.08408653196625,45.98257502420155,-60.27444886991584,8.875771757269145,0.5020576131687243,26.847736625514404,0.6872427983539094,0.48148148148148145,0.2222222222222222,0.36538461538461536,0.328125
SOLUSDT,5m,DAILY_4H,120,923,87.94060040581905,54.94505494505475,-77.57198071591421,-0.6058412917300312,0.49729144095341277,53.70314192849404,0.7443120260021668,0.5341278439869989,0.27843986998916576,0.3294930875576037,0.31007751937984496
SOLUSDT,5m,DAILY_4H_1H,120,512,99.31583482588803,61.33264095196212,-83.7466731600297,-3.2710114024439747,0.478515625,51.869140625,0.751953125,0.564453125,0.318359375,0.33401639344262296,0.3253333333333333
SOLUSDT,5m,DAILY_4H_1H_15M,120,243,115.29763026861204,64.77255998822207,-83.90333341191099,3.4707571268651343,0.5061728395061729,51.8477366255144,0.7530864197530864,0.5925925925925926,0.345679012345679,0.375,0.3442622950819672
SOLUSDT,5m,DAILY_ONLY,120,1675,79.54674502517048,50.43657465155338,-72.23537903204014,0.11685852567854237,0.48656716417910445,54.44059701492537,0.7259701492537314,0.5014925373134328,0.24955223880597016,0.3179190751445087,0.2949061662198391
SOLUSDT,5m,FULL_ALIGNMENT,120,243,115.29763026861204,64.77255998822207,-83.90333341191099,3.4707571268651343,0.5061728395061729,51.8477366255144,0.7530864197530864,0.5925925925925926,0.345679012345679,0.375,0.3442622950819672
SOLUSDT,5m,DAILY_4H,240,923,125.51335050940713,82.23510806536716,-110.1126186774802,4.7274307323704665,0.49295774647887325,108.45612134344529,0.8266522210184182,0.6717226435536294,0.4171180931744312,0.33002207505518766,0.3237139272271016
SOLUSDT,5m,DAILY_4H_1H,240,512,138.12170969368333,89.36837272366382,-118.28624625669046,-0.5972251988095296,0.46484375,104.66796875,0.8359375,0.69140625,0.4453125,0.3326732673267327,0.3347921225382932
SOLUSDT,5m,DAILY_4H_1H_15M,240,243,151.7686275694864,96.21993127147732,-117.48880092982469,0.38017042459281536,0.4897119341563786,101.78600823045268,0.8395061728395061,0.7160493827160493,0.48148148148148145,0.3775933609958506,0.3515981735159817
SOLUSDT,5m,DAILY_ONLY,240,1675,114.80256292126917,73.00961872754641,-104.31207744449812,3.757587847901942,0.48835820895522386,111.21074626865672,0.8155223880597015,0.6447761194029851,0.3850746268656716,0.3202933985330073,0.31422505307855625
SOLUSDT,5m,FULL_ALIGNMENT,240,243,151.7686275694864,96.21993127147732,-117.48880092982469,0.38017042459281536,0.4897119341563786,101.78600823045268,0.8395061728395061,0.7160493827160493,0.48148148148148145,0.3775933609958506,0.3515981735159817
