iter	TotalF1:average=Macro	MultiClass
0	0.4751625783	1.093031885
1	0.4887633475	1.086722861
2	0.5099261976	1.078570343
3	0.5091905809	1.07337461
4	0.5020040681	1.067428173
5	0.5025897711	1.063234637
6	0.509071209	1.057077238
7	0.5226031168	1.051779447
8	0.5247031461	1.04849908
9	0.5318525966	1.042175265
10	0.5342033321	1.037336281
11	0.541756951	1.031522975
12	0.5446396685	1.028888825
13	0.5356729798	1.025970313
14	0.5418843489	1.021355661
15	0.5399768171	1.018344439
16	0.5379447965	1.015358631
17	0.5365855765	1.014398353
18	0.5443369693	1.009566622
19	0.5480747316	1.005621552
20	0.5490066921	1.003647523
21	0.5477042759	1.001616976
22	0.5524139106	0.9974185052
23	0.5497601633	0.9958418288
24	0.5505497177	0.9939827225
25	0.5519406964	0.9913872981
26	0.5516440738	0.988962693
27	0.5517459458	0.9865996981
28	0.5536647578	0.9853276538
29	0.5547515935	0.9830507645
30	0.5577228957	0.9815196549
31	0.5553864119	0.9792871429
32	0.5583731377	0.9767047617
33	0.5592042434	0.9750391235
34	0.559032614	0.9737461291
35	0.5589573019	0.9723437229
36	0.5593438672	0.9710247244
37	0.5602260748	0.9685424939
38	0.5611049068	0.9665691215
39	0.5610909694	0.9654829045
40	0.565046934	0.9627443699
41	0.5668299668	0.9601884213
42	0.5665437578	0.9586083761
43	0.5669025191	0.9576578163
44	0.5692646567	0.9561445647
45	0.5698634336	0.9549116065
46	0.5715267563	0.9536660458
47	0.5716757675	0.9524391716
48	0.5716936804	0.9514783832
49	0.5716572008	0.950793079
50	0.5714107381	0.9495036121
51	0.5711310748	0.9484672233
52	0.5704743777	0.9478729074
53	0.5738616985	0.9460331516
54	0.5742880875	0.9452316284
55	0.5779083111	0.9423843055
56	0.5762016052	0.9413242613
57	0.5764769573	0.9405750458
58	0.5776287188	0.9390050955
59	0.5799336002	0.937503941
60	0.5806976352	0.9366678605
61	0.581142132	0.9355253445
62	0.581222887	0.9351668214
63	0.5810861194	0.9342512854
64	0.5816709335	0.9328888688
65	0.5822021454	0.9326896099
66	0.5834711687	0.9312634944
67	0.5850402394	0.9303486594
68	0.5846399413	0.9297458579
69	0.5849506424	0.9290010658
70	0.5855995736	0.927921573
71	0.5877568455	0.9259632591
72	0.5884360805	0.9251309626
73	0.5880033234	0.924291671
74	0.5884758496	0.9237416063
75	0.5885929751	0.9231650805
76	0.5883055005	0.9224341956
77	0.5879007805	0.9215793114
78	0.5888205451	0.9208112083
79	0.5894386384	0.9197494744
80	0.5887906814	0.9190362393
81	0.5909997949	0.9172539624
82	0.5921777063	0.9164315169
83	0.5924288981	0.9153918728
84	0.5932930223	0.914601814
85	0.5956764936	0.9130381154
86	0.5961387154	0.9125586583
87	0.5956770177	0.9120941978
88	0.5942131087	0.9114460384
89	0.5946058467	0.9106473967
90	0.5942787122	0.9099617691
91	0.5953647533	0.9093009173
92	0.5949409793	0.9084014726
93	0.5957356618	0.907652656
94	0.595860045	0.9071810839
95	0.5959959146	0.9066879669
96	0.5972512411	0.9058556869
97	0.5960285222	0.9052249217
98	0.5970665575	0.9047191455
99	0.5970777224	0.9047016684
100	0.5971104558	0.904620306
101	0.5985360384	0.9037545777
102	0.5988541822	0.9036322097
103	0.6006906869	0.9021926121
104	0.6007651142	0.90171657
105	0.6009794359	0.9009295397
106	0.60082355	0.9005337339
107	0.6021527831	0.8995703799
108	0.6031958754	0.8990874859
109	0.6036839488	0.8983617673
110	0.6040694416	0.8980253593
111	0.6036368502	0.897706254
112	0.6054152997	0.8971182818
113	0.6052168875	0.8970351185
114	0.6056706824	0.8957854072
115	0.6084350792	0.8945193755
116	0.6092740974	0.8939566029
117	0.6094263678	0.8931787189
118	0.6103590724	0.8925836497
119	0.6121154172	0.8915970924
120	0.6127918374	0.8904707183
121	0.6125248294	0.8900282305
122	0.6127057048	0.8889206185
123	0.6123733294	0.888430635
124	0.6129766336	0.8878674817
125	0.613438966	0.8870117024
126	0.6135603387	0.8866909481
127	0.6139513969	0.8862373708
128	0.6141288526	0.886169824
129	0.6145807998	0.885561651
130	0.6145555371	0.8850491935
131	0.61563198	0.8844700288
132	0.6158163401	0.8844616262
133	0.6161225341	0.8835617139
134	0.616320627	0.88332518
135	0.6167485543	0.8829421427
136	0.61782941	0.8823883989
137	0.6176237674	0.881668076
138	0.6175886168	0.88136766
139	0.6183464016	0.8805776508
140	0.6194422366	0.8796906281
141	0.620433673	0.8793012412
142	0.6214912471	0.8788303267
143	0.622702243	0.8782766281
144	0.6225200878	0.8778864636
145	0.6223010373	0.8772888262
146	0.623415036	0.876844835
147	0.6237859334	0.8762421172
148	0.6245973553	0.8756097052
149	0.6247630493	0.87527785
150	0.6253128434	0.875012897
151	0.6251908898	0.8747371073
152	0.6258893089	0.8736001766
153	0.6268122576	0.8722586961
154	0.6275465998	0.8718516057
155	0.6282190028	0.8708737214
156	0.6283767383	0.8705510007
157	0.6286553342	0.8703996915
158	0.6294846196	0.8697701447
159	0.6294518922	0.8691019723
160	0.6311493731	0.8684244534
161	0.6333757917	0.8677066267
162	0.6339337692	0.8672861621
163	0.6328049752	0.8667411682
164	0.6338549644	0.8663474187
165	0.6341547362	0.8659280409
166	0.6335665841	0.8659079119
167	0.6339861491	0.8657278859
168	0.6342847743	0.8654278159
169	0.6353496206	0.8650851766
170	0.6370307493	0.8632367122
171	0.635912755	0.8628244244
172	0.6372817666	0.8624724667
173	0.6368481276	0.8617560477
174	0.6366073766	0.8614502403
175	0.637220835	0.8610353911
176	0.6373402231	0.86078192
177	0.6384404294	0.8600308764
178	0.6386641089	0.8596014083
179	0.6389728588	0.859343957
180	0.6392391454	0.8589691993
181	0.6385021046	0.8585923928
182	0.6384107143	0.8578100895
183	0.6385302305	0.857534444
184	0.6414627329	0.8565400542
185	0.6411413146	0.8553081866
186	0.6409925379	0.8549363005
187	0.6409559807	0.8549272294
188	0.6410179529	0.8548587857
189	0.6399150469	0.8544205632
190	0.6402278136	0.8541817102
191	0.6418569311	0.8537886872
192	0.6415755941	0.8534577698
193	0.6428289673	0.8529524937
194	0.6426765422	0.8528972906
195	0.641802492	0.8522052957
196	0.642455679	0.8517760617
197	0.6430720689	0.8508464329
198	0.6428899199	0.8508276272
199	0.6438099822	0.8500170292
200	0.645229854	0.8493395873
201	0.6444647551	0.8488318552
202	0.644844079	0.8484607528
203	0.6450246875	0.8480402116
204	0.6451859726	0.8473311736
205	0.6457184577	0.846640131
206	0.6451750942	0.8456089852
207	0.6451862873	0.8456089646
208	0.6463076202	0.8448334954
209	0.6467439101	0.844426501
210	0.6465208178	0.8441282804
211	0.6472996544	0.8437324145
212	0.6495632084	0.8431380013
213	0.6486572622	0.8422409884
214	0.6495166532	0.8419132168
215	0.6501680984	0.8415532277
216	0.650469914	0.8408745172
217	0.6513841211	0.8404713524
218	0.6517680171	0.8397850707
219	0.6539559577	0.8390680486
220	0.6536669208	0.8387653381
221	0.6529628767	0.8384645534
222	0.6527643625	0.8382258033
223	0.6532345421	0.8378817859
224	0.6527952582	0.8378548376
225	0.6539915244	0.8376261093
226	0.6546131466	0.8372306921
227	0.6542049355	0.836747507
228	0.6544068363	0.8361229453
229	0.6547151243	0.8357880555
230	0.6550384325	0.8353759655
231	0.6556804823	0.8347046674
232	0.6568819075	0.8343569285
233	0.6574754075	0.8337962613
234	0.6584441815	0.8334442491
235	0.6590194957	0.8329888987
236	0.6589374163	0.8325681276
237	0.660202967	0.8322427568
238	0.6602242892	0.8317039789
239	0.6602158893	0.831346537
240	0.6612721329	0.8306920329
241	0.6612617612	0.8299137985
242	0.6624681763	0.8297325445
243	0.6617611567	0.8292302429
244	0.662344699	0.8285040551
245	0.6631530089	0.8282619868
246	0.662866511	0.8279969069
247	0.6640609472	0.8273947776
248	0.6641318561	0.8268222332
249	0.6649564483	0.8263747828
250	0.6644570531	0.8257910633
251	0.6650126765	0.8253418205
252	0.6657372008	0.8250727385
253	0.6669588918	0.8234954676
254	0.6679974714	0.8227681516
255	0.668364067	0.8219161782
256	0.6693197175	0.8213965792
257	0.6693104316	0.8202250568
258	0.669509631	0.8199870102
259	0.6704653214	0.8194002263
260	0.6712164769	0.8190905383
261	0.6713610591	0.8187041422
262	0.6719712542	0.8179824056
263	0.6721087698	0.8173609363
264	0.6729152313	0.8170785292
265	0.6726046767	0.8166799251
266	0.6726116385	0.8166465781
267	0.6723876099	0.8162908721
268	0.6724978211	0.815684982
269	0.6736724002	0.8151098041
270	0.6739677728	0.8145393838
271	0.6735151244	0.8139935877
272	0.6742148632	0.8126017169
273	0.6753652183	0.8122286463
274	0.6752702991	0.8117951963
275	0.6760147334	0.8112954207
276	0.6774240129	0.8109208417
277	0.6783201733	0.8103424691
278	0.6790928234	0.8099951846
279	0.6791931703	0.8096173391
280	0.6792126001	0.8087257695
281	0.680790365	0.8076044553
282	0.681446389	0.8070528065
283	0.6829321777	0.8064232259
284	0.6822868813	0.8059305843
285	0.6828126995	0.8048094222
286	0.6834623438	0.8041863648
287	0.683924723	0.8034635022
288	0.684676523	0.8027407396
289	0.6850586339	0.8021738185
290	0.685947883	0.8011346237
291	0.6868546534	0.8008849201
292	0.6876540089	0.8003267664
293	0.68770219	0.7998099961
294	0.6880249308	0.7987111351
295	0.6862158987	0.7980915533
296	0.6870284344	0.7977697832
297	0.6865081449	0.797231582
298	0.6862571656	0.796930723
299	0.686811855	0.7966930366
300	0.687532479	0.7960787223
301	0.6886755906	0.7954568379
302	0.6890233826	0.7947151178
303	0.6894806396	0.7943522618
304	0.689496472	0.7937065868
305	0.6894335843	0.7932598477
306	0.6911613379	0.7927289305
307	0.6923104253	0.7922280486
308	0.693016454	0.791920373
309	0.6937327503	0.7913162832
310	0.6942969609	0.7909338398
311	0.694804334	0.7904233586
312	0.6954475048	0.7897833605
313	0.6951313935	0.7892308893
314	0.6953342692	0.7885541437
315	0.6956476422	0.7879548411
316	0.6954877464	0.78761068
317	0.695776668	0.7870644058
318	0.695943546	0.7864356839
319	0.6967091037	0.7861328173
320	0.6969653657	0.785543206
321	0.6977156959	0.7847718698
322	0.6976193591	0.7842108671
323	0.6980566946	0.7831800722
324	0.6998187861	0.7821788366
325	0.7014008287	0.7811228595
326	0.7022488194	0.7803986311
327	0.7024354313	0.780068715
328	0.7035765664	0.7793715874
329	0.703177539	0.7789469334
330	0.7043322285	0.7783643523
331	0.7048900356	0.7775455396
332	0.7057763123	0.777100347
333	0.7072373965	0.7765136969
334	0.7092944174	0.7755722636
335	0.7098449762	0.775265385
336	0.7085919195	0.7749198145
337	0.7083485338	0.7745567884
338	0.7095539479	0.7737959343
339	0.7108445997	0.7728758319
340	0.7110532267	0.7724882225
341	0.7110923472	0.7720454833
342	0.7112250846	0.7715529332
343	0.7121776133	0.7709006652
344	0.7122226941	0.7703618017
345	0.712912786	0.7698226195
346	0.7132363389	0.7694323077
347	0.7129348474	0.7689286833
348	0.7137715127	0.7683354996
349	0.7137495851	0.7678471387
350	0.7144607461	0.7671452417
351	0.7148804127	0.7665773724
352	0.715192189	0.7661631473
353	0.716149754	0.765507522
354	0.7164798787	0.764844267
355	0.7180085938	0.764266436
356	0.7189506248	0.7637883563
357	0.7198482969	0.7632897951
358	0.7189794872	0.7629192999
359	0.7205041113	0.7622530444
360	0.7193536022	0.7616784952
361	0.7203700252	0.7613134075
362	0.7211546522	0.7609276633
363	0.7217710522	0.7604572769
364	0.7212740098	0.7599519076
365	0.7220543805	0.7594578258
366	0.7217083704	0.7589783043
367	0.7225462872	0.7582812109
368	0.7235390757	0.7574634353
369	0.7248972093	0.757004154
370	0.7246130541	0.7566047025
371	0.7244118124	0.756270337
372	0.7241230965	0.7556360834
373	0.7244036098	0.7552621231
374	0.7256722317	0.754627521
375	0.7255548114	0.7542321443
376	0.726680627	0.7538244665
377	0.7285791836	0.7532939714
378	0.7295901747	0.7529681751
379	0.7303737894	0.7524176966
380	0.7305746263	0.7518617121
381	0.7310293987	0.7513467865
382	0.7319431898	0.7508821622
383	0.731926345	0.7504145461
384	0.7323494247	0.7498495956
385	0.7323367917	0.7494055809
386	0.7324005868	0.7488188556
387	0.732677992	0.7482814492
388	0.7333816914	0.7478523364
389	0.7338464839	0.7474690774
390	0.7339955255	0.7471745529
391	0.7348746226	0.7466881163
392	0.7355599009	0.7460145085
393	0.7363659274	0.7454360347
394	0.7366882201	0.7449081906
395	0.7376918356	0.7444376127
396	0.7377920082	0.743781662
397	0.737722424	0.743127081
398	0.738217259	0.742468806
399	0.7382515272	0.7421304495
400	0.7384193759	0.7419714071
401	0.7389555864	0.7416551502
402	0.7392056522	0.7410849975
403	0.7390265975	0.7405436705
404	0.7396543404	0.7400967703
405	0.7407509744	0.7395519114
406	0.7414090683	0.7392099424
407	0.7411651337	0.7389030303
408	0.7422189446	0.738556016
409	0.7424078043	0.7382205191
410	0.7425608979	0.7377208411
411	0.7427933316	0.7374821917
412	0.7429422651	0.7369716262
413	0.743841635	0.7364228327
414	0.7444216602	0.7360819788
415	0.7452366194	0.7356998785
416	0.7454659549	0.7349473228
417	0.7452703028	0.7345978422
418	0.7457984229	0.7342542897
419	0.7457492588	0.7337418146
420	0.7452407988	0.733221046
421	0.7459306252	0.7328747258
422	0.7462529823	0.7324820791
423	0.7467804617	0.731959903
424	0.747108374	0.7314504077
425	0.7468847376	0.7310626831
426	0.7480516956	0.7303777186
427	0.7479074083	0.7300636771
428	0.7480096032	0.729686027
429	0.7488099091	0.7290911559
430	0.7487677304	0.728710653
431	0.7484809113	0.7280437629
432	0.7479544864	0.727677934
433	0.7495351566	0.7271915493
434	0.7506058777	0.7266749323
435	0.7512596331	0.726184115
436	0.7521188066	0.7256282702
437	0.7519880923	0.7251110391
438	0.7536650629	0.7246914883
439	0.7552398835	0.7242186349
440	0.7553421109	0.7237720729
441	0.7558922636	0.7234735759
442	0.756000754	0.7230119227
443	0.7562470274	0.722716633
444	0.7566944513	0.7223994152
445	0.7572291474	0.7217299162
446	0.7565200131	0.7213933292
447	0.7570787591	0.7210177474
448	0.7570938494	0.7206342047
449	0.7581049256	0.7199661661
450	0.7583272468	0.719629623
451	0.7585441291	0.7191492969
452	0.7587749789	0.7187389476
453	0.7583080303	0.718388969
454	0.7587114428	0.7180382185
455	0.7585064066	0.7174605326
456	0.7595513717	0.716918266
457	0.7593976618	0.7163719008
458	0.7608912406	0.7157804457
459	0.7617888577	0.7153758227
460	0.7619150298	0.7149846191
461	0.761399046	0.7146846047
462	0.7620968405	0.7142313392
463	0.7627529476	0.7139417929
464	0.7621381733	0.7135543618
465	0.7625683121	0.7127896553
466	0.7631854535	0.7122442911
467	0.7633016055	0.711706544
468	0.7653442139	0.7111879274
469	0.7660950535	0.7107794647
470	0.7661443762	0.710228616
471	0.7664984174	0.7098859462
472	0.7669834734	0.7092297759
473	0.7682366447	0.7086354516
474	0.7693071267	0.7082800233
475	0.7690001623	0.7075886048
476	0.7705949253	0.7071349864
477	0.7697900276	0.7066976377
478	0.769413031	0.7064169219
479	0.7705167336	0.7059630286
480	0.7703159985	0.7057044827
481	0.7701152869	0.7052948478
482	0.7696385072	0.7048055615
483	0.7694768995	0.7045698061
484	0.7710823259	0.7039851373
485	0.7715884869	0.7034969569
486	0.7716870893	0.7029542638
487	0.7721254448	0.7027461062
488	0.7721828515	0.7023071829
489	0.7717842819	0.7017863516
490	0.7720400611	0.7013737514
491	0.771720664	0.7004304264
492	0.7719125968	0.7000507973
493	0.7724947688	0.6995002896
494	0.7729308	0.6990227721
495	0.7733671146	0.6985616242
496	0.7728786085	0.698319221
497	0.7737868988	0.6979003351
498	0.7743215159	0.6977718133
499	0.7742018486	0.6975247453
500	0.7742031236	0.697117619
501	0.7747494239	0.6967926705
502	0.7752269804	0.6961935698
503	0.7752904067	0.695965889
504	0.7764890065	0.6954562401
505	0.7769037345	0.6950484255
506	0.7770824239	0.6946572351
507	0.7764978387	0.6943898396
508	0.7765155358	0.6938916864
509	0.7771593598	0.6935968062
510	0.7773332099	0.6929112658
511	0.7780466138	0.6924275399
512	0.777460589	0.6921753039
513	0.778821633	0.6917844487
514	0.7782654307	0.6913157776
515	0.778226985	0.6908239802
516	0.7781824622	0.6904041879
517	0.7791970232	0.6900777667
518	0.7797381392	0.6895591
519	0.7798553574	0.6886777342
520	0.7797423942	0.688295621
521	0.7801861486	0.6878769398
522	0.781469986	0.6875158969
523	0.7811543731	0.6871565759
524	0.7821422354	0.686730189
525	0.7826130324	0.6860565787
526	0.7839855832	0.6855978503
527	0.7833141465	0.6852602015
528	0.7843093768	0.6848225128
529	0.7849643496	0.6842048287
530	0.7855088888	0.6839116832
531	0.7862516004	0.683462275
532	0.7863507359	0.6829108192
533	0.785645957	0.682566742
534	0.7864627035	0.6820639481
535	0.786439317	0.6817948824
536	0.7866921744	0.6814543998
537	0.7872200802	0.6811383829
538	0.7867673404	0.6809134299
539	0.7869733556	0.6805725228
540	0.788207835	0.6801453711
541	0.7882775353	0.6796815581
542	0.7883727968	0.6790928868
543	0.7897913182	0.6785024299
544	0.7905219935	0.6780385134
545	0.7903099001	0.6776651021
546	0.7911399702	0.6771404721
547	0.7911515432	0.676940629
548	0.7916478176	0.6765309574
549	0.7918528669	0.6760713382
550	0.7920304809	0.6757245416
551	0.7926997386	0.6754183351
552	0.7924967163	0.6748827488
553	0.7925560738	0.6745428386
554	0.7928952945	0.6741843981
555	0.7928660233	0.6738362583
556	0.7935872302	0.673271464
557	0.7932027631	0.6728101556
558	0.794108118	0.6724935695
559	0.7941672622	0.6720235476
560	0.7945854429	0.671395626
561	0.7949938155	0.6708318267
562	0.7958001499	0.6705428176
563	0.7956217214	0.6700284792
564	0.7948832141	0.6696296532
565	0.7953609255	0.6692929095
566	0.7951959079	0.6690179766
567	0.7953910876	0.6686795967
568	0.7953188629	0.668373342
569	0.7961111135	0.6680194324
570	0.7954437093	0.6674775992
571	0.7970037209	0.6670428099
572	0.7969194331	0.6668446823
573	0.797209895	0.6664379212
574	0.7970834769	0.6660138137
575	0.7975978049	0.6657174905
576	0.7992085652	0.665070028
577	0.7990130712	0.6647951355
578	0.7992843128	0.6642324738
579	0.7990721336	0.6638660878
580	0.7980849844	0.6634154326
581	0.7994584421	0.6628758532
582	0.8000141333	0.6625744892
583	0.7995756522	0.6621732946
584	0.7992325201	0.6619238049
585	0.8003967496	0.6614512784
586	0.8006318657	0.6611045028
587	0.8005906507	0.6608043534
588	0.8016021767	0.6601982593
589	0.8011586142	0.6597749688
590	0.8022716985	0.6591108872
591	0.8025597023	0.6586587836
592	0.8020789492	0.658316289
593	0.8021676294	0.6580616746
594	0.8022081032	0.65775413
595	0.8024202801	0.6575492448
596	0.803245221	0.6570586862
597	0.8037932581	0.6568145262
598	0.803777402	0.6563781376
599	0.8034203865	0.6560472212
600	0.8048467807	0.6555744155
601	0.8050669864	0.6551075684
602	0.8057055283	0.6547659284
603	0.8055563695	0.6543825201
604	0.8058579917	0.6537388886
605	0.8063776784	0.6534206155
606	0.8066510434	0.6530593965
607	0.8071067229	0.6527636486
608	0.8075199978	0.6522684422
609	0.8077530545	0.6519497178
610	0.8077224515	0.6516467081
611	0.8088542864	0.6512112163
612	0.8090775017	0.6507785728
613	0.8092601896	0.6504080706
614	0.8091542883	0.6501350973
615	0.8090360675	0.649919641
616	0.8095814701	0.6494727248
617	0.8098314823	0.648912816
618	0.8098013681	0.6485535806
619	0.8103450466	0.6482396668
620	0.8101894129	0.6480483975
621	0.8102126426	0.6476221822
622	0.8100878549	0.6473594113
623	0.8104828248	0.6470298157
624	0.8102815457	0.6466337326
625	0.8101338341	0.6461704095
626	0.8100345183	0.6458565774
627	0.8106596442	0.6453441845
628	0.810499886	0.6450389456
629	0.8107585217	0.6446556488
630	0.810883192	0.6443290016
631	0.812262682	0.6440230873
632	0.8122508194	0.6438203276
633	0.8122606094	0.6434325617
634	0.8125755019	0.6429220911
635	0.8130296724	0.6427054742
636	0.8135611955	0.6423909817
637	0.8136162527	0.641909403
638	0.8130715863	0.6415959147
639	0.8133876819	0.6412121928
640	0.813340115	0.6408870578
641	0.8138882582	0.6406180129
642	0.8139517994	0.640129799
643	0.8149190325	0.6395916003
644	0.8148098676	0.6393111065
645	0.8154089827	0.6389849724
646	0.8159876382	0.6384900369
647	0.816115624	0.6381840054
648	0.8168459975	0.6378541864
649	0.8173455845	0.6374452559
650	0.8178669759	0.6371984022
651	0.8176639362	0.6368246719
652	0.8180247465	0.6363427661
653	0.8179422842	0.635830682
654	0.8184511866	0.635539695
655	0.819041327	0.6351337233
656	0.8192797104	0.6349081339
657	0.8193662274	0.6344755182
658	0.8200499938	0.6341019161
659	0.8207028054	0.6337258006
660	0.8210589251	0.6335298619
661	0.8217578032	0.6331792829
662	0.8215664164	0.6328784369
663	0.8219722592	0.6326274093
664	0.8228845562	0.6321441286
665	0.8231204128	0.631830523
666	0.8243323497	0.6313718528
667	0.8242506589	0.6310998701
668	0.8241135335	0.6306671915
669	0.8245265018	0.6303201927
670	0.825611777	0.6297772496
671	0.8257952918	0.6294121736
672	0.8260567902	0.6290484067
673	0.8269318936	0.6285935176
674	0.8270773342	0.6281092859
675	0.8269259806	0.6277923187
676	0.8272464485	0.6273296039
677	0.8275630788	0.6270544859
678	0.8284867219	0.6266116172
679	0.8281930004	0.6261017036
680	0.8280855235	0.6257607973
681	0.82898629	0.625306759
682	0.8288030148	0.6250324086
683	0.82944698	0.6246351395
684	0.8296216534	0.6242758986
685	0.8294222617	0.6237917462
686	0.8297684294	0.6236214155
687	0.831210219	0.6234033537
688	0.8306730338	0.6231132135
689	0.8317866631	0.6228720262
690	0.8317984964	0.6227687525
691	0.831914734	0.6224400814
692	0.8316769105	0.6218609655
693	0.8322894072	0.6215497138
694	0.8326831628	0.6210555407
695	0.8327389454	0.6208186853
696	0.8327978392	0.6205935014
697	0.8329775448	0.6203311382
698	0.8328136132	0.620124189
699	0.8332671042	0.6198007407
700	0.833474305	0.6196389451
701	0.8336040945	0.6194058138
702	0.8336039872	0.618938223
703	0.8350680385	0.6186006568
704	0.8343630882	0.618334973
705	0.8344857777	0.6181368989
706	0.8342080526	0.6177730901
707	0.8346142093	0.6176228615
708	0.8356561712	0.6173354055
709	0.8358199612	0.6169874108
710	0.8354736518	0.6166131069
711	0.8361304376	0.6161731077
712	0.8363133578	0.6159200152
713	0.8373852215	0.6156609674
714	0.8379973319	0.6154266572
715	0.8383363003	0.6150260504
716	0.838466427	0.6147559393
717	0.8375894749	0.614328108
718	0.8373952395	0.6137966382
719	0.8382893429	0.613412546
720	0.8390376862	0.6131216279
721	0.8396399359	0.6127372209
722	0.8393062863	0.6122918532
723	0.8395022107	0.6118460102
724	0.8398258954	0.6113126909
725	0.8393719779	0.6108947219
726	0.8393886777	0.610491918
727	0.8404067077	0.61014592
728	0.840712919	0.6098781829
729	0.8415486429	0.6096184824
730	0.842040931	0.609306532
731	0.8416215769	0.6089373984
732	0.8414350412	0.608483431
733	0.8414749945	0.6081012223
734	0.8419035566	0.6076374911
735	0.8412551129	0.6073388755
736	0.8420248714	0.6070377949
737	0.8416066668	0.606822963
738	0.8421198293	0.6063284019
739	0.8419888235	0.6059287
740	0.8424373833	0.6055941791
741	0.8434376334	0.6052342866
742	0.8439120766	0.6048778479
743	0.8440420447	0.6044257489
744	0.8449418303	0.6041017681
745	0.8449460952	0.6039040595
746	0.8454537208	0.6034814928
747	0.8448709851	0.6032792614
748	0.8451684918	0.6029497334
749	0.845133409	0.6027171111
750	0.8454588394	0.6023793066
751	0.8456265008	0.6020413154
752	0.8451764652	0.6016612361
753	0.8452161685	0.6014800146
754	0.8455863479	0.6012615079
755	0.8456685266	0.6007934984
756	0.8464684767	0.6003922143
757	0.845449257	0.6000582289
758	0.8459705913	0.5996876312
759	0.846354669	0.5993239857
760	0.8466284993	0.5991340968
761	0.8465173577	0.5988688915
762	0.846449738	0.5983700086
763	0.8472871284	0.5979427739
764	0.8476972677	0.5974713379
765	0.8477293059	0.5971076204
766	0.8483459182	0.5968211818
767	0.8483698365	0.5965423769
768	0.8483500427	0.5962634627
769	0.8486688979	0.595983187
770	0.8488109951	0.5956274701
771	0.8487350384	0.5953146307
772	0.8488932356	0.5949089346
773	0.849290689	0.5946582947
774	0.8501410126	0.5943308238
775	0.8497634177	0.5941663545
776	0.849612841	0.5939620718
777	0.8497839962	0.5937029802
778	0.8492354124	0.5933226792
779	0.8496780636	0.593033463
780	0.8504295108	0.5927011531
781	0.8503270109	0.5924906247
782	0.8495396455	0.5923070501
783	0.8501722867	0.5919888178
784	0.8505541994	0.5917157451
785	0.8503550892	0.5913301284
786	0.8512802165	0.591116931
787	0.8513169124	0.5907174365
788	0.8521347827	0.5903443631
789	0.852412394	0.5901664852
790	0.8519741087	0.5898769537
791	0.8527495448	0.589430545
792	0.8525710262	0.5891720793
793	0.8528620443	0.5889015755
794	0.8530915749	0.5885733962
795	0.8537800796	0.5881057856
796	0.8539802726	0.5877559519
797	0.854218065	0.5874983442
798	0.8545623453	0.5871558668
799	0.8552748639	0.5866734702
800	0.8552547775	0.586338609
801	0.8552622555	0.5860438062
802	0.8554018241	0.5858250344
803	0.8554852661	0.5854749286
804	0.8555290422	0.5852099001
805	0.8556123964	0.5849239236
806	0.8553950478	0.5848352611
807	0.855179868	0.584505937
808	0.8551935685	0.5842214425
809	0.855075907	0.583951393
810	0.8556424366	0.5835310485
811	0.8555964253	0.5831657582
812	0.8557437199	0.5829875035
813	0.8557322458	0.5827452452
814	0.8563543783	0.5824255376
815	0.856653157	0.582103526
816	0.8562592846	0.5817723026
817	0.8563868947	0.5812924175
818	0.8562360071	0.5810975407
819	0.8562754493	0.5808378548
820	0.8572047685	0.5805526194
821	0.8577502218	0.580176075
822	0.8579725397	0.579927776
823	0.8584418349	0.5796437341
824	0.8591132165	0.5793821151
825	0.8587351921	0.5791094381
826	0.8588825864	0.5787555998
827	0.8591239154	0.5784744928
828	0.8588474525	0.5782478999
829	0.8596053175	0.5780111537
830	0.8593748991	0.5778175862
831	0.8597397665	0.5774395106
832	0.8594195432	0.5771130134
833	0.8596241704	0.576864117
834	0.859829631	0.5765520487
835	0.8602360397	0.5762308857
836	0.8606046486	0.5758311485
837	0.8604908728	0.5755509372
838	0.8604469694	0.5753338109
839	0.8609639842	0.5749720109
840	0.8614258213	0.5745913613
841	0.86140328	0.5742259018
842	0.8617607987	0.5739646209
843	0.8611467782	0.573649395
844	0.8610285289	0.5732770047
845	0.8617083196	0.5728664029
846	0.862434086	0.5725427214
847	0.8630067104	0.5721776404
848	0.8633777637	0.571685227
849	0.8631818036	0.5714201514
850	0.8635944155	0.5709484019
851	0.863677753	0.5707057588
852	0.8638210058	0.5704733996
853	0.8639726459	0.5701880741
854	0.8640321572	0.569969608
855	0.8645916393	0.569682518
856	0.8645274455	0.5694534836
857	0.8641578142	0.5692720081
858	0.8642324804	0.5688165653
859	0.864308401	0.568535276
860	0.8643562311	0.5682058161
861	0.864931271	0.5678337756
862	0.8650025227	0.567602371
863	0.8653397325	0.567353064
864	0.865713226	0.5670279323
865	0.865158073	0.5667369475
866	0.8654002259	0.5665656131
867	0.8657578515	0.5663752057
868	0.8655990251	0.5660469919
869	0.8655001084	0.5657652939
870	0.8656720482	0.5655439484
871	0.8655495611	0.5653564663
872	0.8656509157	0.5649865737
873	0.8660409774	0.5647513748
874	0.8662396488	0.564464847
875	0.8670492078	0.563935224
876	0.8673702982	0.5637674925
877	0.8677878572	0.5635360596
878	0.8683553138	0.563279598
879	0.8678465992	0.5631640804
880	0.8683161097	0.5628278134
881	0.8687096424	0.5625841511
882	0.8685467867	0.5623905454
883	0.8683916669	0.5622546138
884	0.8685149764	0.5620688349
885	0.8687966107	0.5617581502
886	0.8688405474	0.5616428263
887	0.8690156	0.561242457
888	0.8692997201	0.5609005184
889	0.8698279147	0.5606015259
890	0.8701537608	0.5602964808
891	0.8701347951	0.5599446266
892	0.8701180788	0.5597596903
893	0.8701693797	0.559595188
894	0.8696060746	0.5592714298
895	0.8699620303	0.5590348957
896	0.870343491	0.5588314535
897	0.8707725472	0.558542343
898	0.870276475	0.5584596172
899	0.8702645827	0.5583550954
900	0.8707318159	0.5580483974
901	0.8713995739	0.5576460271
902	0.871174179	0.5573695878
903	0.8711571879	0.5570636142
904	0.8712516604	0.5568057143
905	0.8716039954	0.5565291298
906	0.8715731318	0.5562508174
907	0.8712820274	0.5558903164
908	0.8716919654	0.5555983548
909	0.8720815256	0.5553369944
910	0.8721839169	0.55505031
911	0.8726957574	0.5547019873
912	0.8727867267	0.5543828938
913	0.8725719488	0.5541465752
914	0.8726628947	0.5539017936
915	0.8726069283	0.5534943359
916	0.8732253371	0.5533719272
917	0.8733094419	0.5529746149
918	0.8738798841	0.5526607996
919	0.8741789876	0.5522975368
920	0.8743963473	0.5522152382
921	0.874461099	0.5518539851
922	0.8746316844	0.5515465233
923	0.8742376732	0.5511086642
924	0.8744723438	0.550886215
925	0.8746309998	0.5505413443
926	0.8747065983	0.5503150218
927	0.8748018906	0.5500155156
928	0.8747544648	0.5497564142
929	0.87525038	0.5494561458
930	0.8755919619	0.549059195
931	0.8754410614	0.5487276465
932	0.8755565721	0.5484620017
933	0.8758104919	0.548144742
934	0.8765092801	0.5479216045
935	0.876763428	0.5476851088
936	0.8764656961	0.5474108891
937	0.8769859741	0.5471523103
938	0.8773555543	0.5468593566
939	0.8774747	0.5465651479
940	0.8773995485	0.5463967145
941	0.8775502819	0.5461211859
942	0.8778522801	0.545798681
943	0.878693737	0.5454458144
944	0.8783918633	0.5451431732
945	0.8787919063	0.5449089972
946	0.8790937766	0.5445593644
947	0.8791533175	0.5442573893
948	0.8791464896	0.5440901236
949	0.8795161367	0.5438512492
950	0.8793454511	0.5436351083
951	0.8797574261	0.5432947292
952	0.8799672898	0.543062809
953	0.8795838578	0.542816419
954	0.8799414103	0.5425753736
955	0.879584044	0.542294841
956	0.880178702	0.5420134572
957	0.8801003783	0.5415709448
958	0.8799406109	0.5413124755
959	0.8808851489	0.5410050056
960	0.8812630388	0.5406726548
961	0.8812913518	0.5403705852
962	0.8814722492	0.5400628023
963	0.8818098563	0.5397490625
964	0.8820276794	0.5394330629
965	0.8821427616	0.5390140962
966	0.882274159	0.5387338933
967	0.8823346923	0.5385096755
968	0.882187695	0.538338648
969	0.8824341826	0.5381496835
970	0.8826085255	0.5378697852
971	0.8832479793	0.5375648037
972	0.8836055448	0.5371333427
973	0.8837798296	0.5368265985
974	0.8841794484	0.5364054632
975	0.8840765067	0.5361066975
976	0.884064179	0.5359844152
977	0.8840286003	0.5356975532
978	0.8841717244	0.535423241
979	0.8846554451	0.5352389998
980	0.8848966127	0.5350205625
981	0.8849083839	0.5347029226
982	0.8849051266	0.5344445761
983	0.884916041	0.5341957269
984	0.8853372905	0.5338595161
985	0.8857783117	0.5336286918
986	0.8861235035	0.5333097151
987	0.8861753237	0.533097553
988	0.885941647	0.5328143417
989	0.8856200771	0.5325663837
990	0.8859097923	0.5323230169
991	0.8867630516	0.5319999295
992	0.8869494732	0.53180257
993	0.8870253339	0.5315486771
994	0.8872122982	0.531187815
995	0.8872115386	0.5307826963
996	0.8871442973	0.5305355531
997	0.8875497026	0.5301966671
998	0.8877193433	0.5299308558
999	0.8871834748	0.5293355635
1000	0.887671413	0.5289899163
1001	0.8877310388	0.5286341807
1002	0.8882426375	0.5282793014
1003	0.8883217502	0.5280164792
1004	0.8881232109	0.5277227014
1005	0.8879723997	0.5274021088
1006	0.8885045857	0.5271589786
1007	0.8888232476	0.5268098024
1008	0.8889136546	0.526595861
1009	0.8895451888	0.5263232668
1010	0.8896432322	0.5259628102
1011	0.8898032955	0.5256805379
1012	0.8898149546	0.5254778056
1013	0.8896954023	0.5251611448
1014	0.8896599359	0.5249814245
1015	0.8893388189	0.5246516142
1016	0.8895610943	0.524538168
1017	0.8897474914	0.5243141316
1018	0.8894699979	0.5240405674
1019	0.8900085399	0.5238506025
1020	0.8895491094	0.523618186
1021	0.8901448087	0.5233782452
1022	0.8901884132	0.5230855818
1023	0.8902050013	0.5229257693
1024	0.8900781675	0.5227692702
1025	0.8900901865	0.5225987034
1026	0.8900663239	0.5224304892
1027	0.8899151928	0.5221933231
1028	0.8905228633	0.5219977315
1029	0.8904512629	0.521810438
1030	0.8904199469	0.5216129052
1031	0.8908197602	0.5212230407
1032	0.8912125644	0.5210252702
1033	0.8914779557	0.5207395225
1034	0.8915306687	0.5204848659
1035	0.8912964032	0.5202615254
1036	0.8917122942	0.5199306509
1037	0.8919304741	0.5196879525
1038	0.8922480402	0.5193413669
1039	0.8927959389	0.5190557281
1040	0.8929070567	0.518736332
1041	0.8930887814	0.5184651639
1042	0.8929502375	0.5182329037
1043	0.8932944775	0.5179469186
1044	0.8934930266	0.5177326304
1045	0.8934931887	0.5175721678
1046	0.8927955744	0.5174612551
1047	0.8938471797	0.5171487289
1048	0.8940605048	0.5168411703
1049	0.8940007837	0.5167062343
1050	0.894416976	0.5164943813
1051	0.8936011858	0.5162937162
1052	0.8936876128	0.5160669749
1053	0.8936642031	0.5157475226
1054	0.89457208	0.5155261377
1055	0.8949887058	0.5153216556
1056	0.8948427018	0.5151322395
1057	0.8946680132	0.5149047225
1058	0.8945527655	0.5147599191
1059	0.8951077259	0.5144982832
1060	0.8948586988	0.5142598108
1061	0.8951439458	0.5140303276
1062	0.8952513645	0.5137663787
1063	0.8952511817	0.5135379242
1064	0.8946645462	0.5132679356
1065	0.8950693367	0.5129344526
1066	0.8958744066	0.5125451233
1067	0.8955371505	0.5122311023
1068	0.8958080118	0.5118094007
1069	0.8959829936	0.5115731006
1070	0.8965819653	0.5112942346
1071	0.8963200975	0.5111734112
1072	0.8967002071	0.5108472359
1073	0.8971172686	0.5106012527
1074	0.8973386571	0.5103652261
1075	0.897038019	0.5100637858
1076	0.8970745213	0.5097785611
1077	0.8972256465	0.5096511943
1078	0.8972139287	0.5095055231
1079	0.8974117409	0.509389682
1080	0.8970749873	0.5092978207
1081	0.8974484147	0.5089715013
1082	0.8971348631	0.5088317862
1083	0.8970353264	0.5085715935
1084	0.8973362157	0.5084630034
1085	0.8976261386	0.5081896574
1086	0.8983722671	0.5079670811
1087	0.8982576994	0.5077532115
1088	0.8988248611	0.5074141076
1089	0.8991813998	0.5071975317
1090	0.8988801303	0.5069328837
1091	0.8990784458	0.5065821375
1092	0.8996054852	0.5062703361
1093	0.8997009741	0.5059950374
1094	0.8997249901	0.5057355918
1095	0.899772843	0.5055262937
1096	0.8993923071	0.5053662368
1097	0.8996220585	0.5049347558
1098	0.8999427417	0.5045798453
1099	0.9000148452	0.5043152979
1100	0.9004310272	0.5041024444
1101	0.9002321287	0.5038718598
1102	0.9005582699	0.5035745231
1103	0.900581657	0.5034328232
1104	0.9010265874	0.5032708382
1105	0.9014669388	0.5029023134
1106	0.901661307	0.5025372456
1107	0.9014946221	0.5021896249
1108	0.9017488489	0.5020181893
1109	0.9016021424	0.5017026016
1110	0.9020383519	0.501384298
1111	0.9020583463	0.5011670496
1112	0.9021295494	0.5008734794
1113	0.9021221857	0.5006501595
1114	0.9021460279	0.5003638111
1115	0.9021390799	0.5000791553
1116	0.9022333754	0.4998045896
1117	0.9020354029	0.4995664084
1118	0.9022580919	0.499212191
1119	0.9024436235	0.4990027278
1120	0.9023046115	0.4988030841
1121	0.9025390453	0.4985812667
1122	0.9025034001	0.4983122005
1123	0.903406759	0.4980765366
1124	0.9035931368	0.4978607812
1125	0.903636812	0.497594429
1126	0.903645588	0.4973355366
1127	0.9035775021	0.4969927218
1128	0.9036694432	0.4966984181
1129	0.904101728	0.4964173111
1130	0.9040980479	0.4961520704
1131	0.9039948379	0.495899598
1132	0.9042172953	0.495634664
1133	0.9041263201	0.4953614502
1134	0.9043451248	0.4951782441
1135	0.9043332408	0.4948052564
1136	0.9045074165	0.4945810457
1137	0.9048764187	0.4943203369
1138	0.9047337669	0.4940618697
1139	0.9049162586	0.4938333113
1140	0.9052371656	0.4936224562
1141	0.9053572145	0.4933993348
1142	0.9054648176	0.4931281957
1143	0.9053847811	0.4928181674
1144	0.9058654236	0.4925395
1145	0.9059213462	0.4921033242
1146	0.9058499653	0.4919774583
1147	0.9058619262	0.4917846026
1148	0.905897691	0.4916207922
1149	0.9062662654	0.4914018451
1150	0.9065670736	0.4911491765
1151	0.906671229	0.4908860014
1152	0.9069287244	0.4905494271
1153	0.907036312	0.4903396513
1154	0.9068538621	0.4900949323
1155	0.9068777087	0.4898196771
1156	0.9069372142	0.489598557
1157	0.9071197799	0.489490249
1158	0.9070838987	0.4892599803
1159	0.9072427343	0.488938077
1160	0.907428937	0.4886497425
1161	0.9077892735	0.4884912545
1162	0.9077894439	0.4882413469
1163	0.9078380282	0.4880247091
1164	0.9082104858	0.4878479214
1165	0.9080827786	0.4874898672
1166	0.908491668	0.4872220195
1167	0.9085156599	0.4870527466
1168	0.9086473703	0.4868470843
1169	0.9088267332	0.4866501754
1170	0.9090150146	0.4862864027
1171	0.9087269207	0.4860324937
1172	0.9089371152	0.4858324634
1173	0.9094048235	0.4855321693
1174	0.9092548959	0.4853539601
1175	0.9094765245	0.4850743034
1176	0.9094883876	0.4848488237
1177	0.9098570307	0.4845977653
1178	0.9100515089	0.4843952436
1179	0.9096824436	0.4842639203
1180	0.9098927916	0.4839774895
1181	0.9103002404	0.4837126824
1182	0.9104231882	0.4834774247
1183	0.9106059347	0.4832931146
1184	0.910677654	0.4830865524
1185	0.9105272054	0.4827695298
1186	0.9107136993	0.4826109244
1187	0.9109202974	0.4824276358
1188	0.9109680894	0.4821734938
1189	0.9108292777	0.4819198947
1190	0.9110390241	0.4816849982
1191	0.9108922658	0.4813555758
1192	0.9109997182	0.481149915
1193	0.911083392	0.4809281954
1194	0.911155079	0.4807743994
1195	0.9111908954	0.4806577121
1196	0.9115957291	0.4803778658
1197	0.911571889	0.4801815064
1198	0.9115600554	0.4799232211
1199	0.9115003225	0.479735042
