side,horizon_minutes,feature_group,head,fold,symbol,calibration_method,threshold,threshold_source,fallback,calibration_precision,calibration_coverage,calibration_alerts
LONG,15,position_plus_topology,exit,1,ALL,isotonic,0.4000000000000001,global,False,0.4581888246628131,0.5712713263621354,5190
LONG,15,position_plus_topology,exit,1,BTCUSDT,isotonic,0.4000000000000001,symbol_specific,False,0.45504587155963305,0.353322528363047,1090
LONG,15,position_plus_topology,exit,1,ETHUSDT,isotonic,0.37500000000000006,symbol_specific,False,0.4544578313253012,0.6893687707641196,2075
LONG,15,position_plus_topology,exit,1,SOLUSDT,isotonic,0.37500000000000006,symbol_specific,False,0.4518879415347138,0.8237458193979933,2463
LONG,15,position_plus_topology,hold,1,ALL,isotonic,0.4500000000000001,global,False,0.5018181818181818,0.03026967528893781,275
LONG,15,position_plus_topology,hold,1,BTCUSDT,isotonic,0.4000000000000001,symbol_specific,True,0.448,0.28363047001620745,875
LONG,15,position_plus_topology,hold,1,ETHUSDT,isotonic,0.4250000000000001,symbol_specific,True,0.44455747711088506,0.326578073089701,983
LONG,15,position_plus_topology,hold,1,SOLUSDT,isotonic,0.4000000000000001,symbol_specific,False,0.45338645418326695,0.4197324414715719,1255
LONG,15,position_plus_topology_compact_matrix,exit,1,ALL,isotonic,0.37500000000000006,global,False,0.4527269618738246,0.6438084755090809,5849
LONG,15,position_plus_topology_compact_matrix,exit,1,BTCUSDT,isotonic,0.37500000000000006,symbol_specific,False,0.4531143052703628,0.47358184764991895,1461
LONG,15,position_plus_topology_compact_matrix,exit,1,ETHUSDT,isotonic,0.35000000000000003,symbol_specific,False,0.45393374741200826,0.641860465116279,1932
LONG,15,position_plus_topology_compact_matrix,exit,1,SOLUSDT,isotonic,0.4000000000000001,symbol_specific,False,0.45314685314685316,0.717391304347826,2145
LONG,15,position_plus_topology_compact_matrix,hold,1,ALL,isotonic,0.4250000000000001,global,False,0.4771897810218978,0.12063841496973032,1096
LONG,15,position_plus_topology_compact_matrix,hold,1,BTCUSDT,isotonic,0.37500000000000006,symbol_specific,False,0.45991983967935873,0.32350081037277145,998
LONG,15,position_plus_topology_compact_matrix,hold,1,ETHUSDT,isotonic,0.4250000000000001,symbol_specific,False,0.47411444141689374,0.12192691029900332,367
LONG,15,position_plus_topology_compact_matrix,hold,1,SOLUSDT,isotonic,0.4500000000000001,symbol_specific,False,0.5019455252918288,0.08595317725752509,257
LONG,15,position_plus_topology,exit,2,ALL,isotonic,0.4250000000000001,global,False,0.463768115942029,0.05307692307692308,483
LONG,15,position_plus_topology,exit,2,BTCUSDT,isotonic,0.35000000000000003,symbol_specific,False,0.4646098003629764,0.18184818481848186,551
LONG,15,position_plus_topology,exit,2,ETHUSDT,isotonic,0.4250000000000001,symbol_specific,False,0.47029702970297027,0.06612111292962357,202
LONG,15,position_plus_topology,exit,2,SOLUSDT,isotonic,0.4500000000000001,symbol_specific,True,0.44565217391304346,0.030514096185737978,92
LONG,15,position_plus_topology,hold,2,ALL,isotonic,0.4250000000000001,global,False,0.5211754537597234,0.12714285714285714,1157
LONG,15,position_plus_topology,hold,2,BTCUSDT,isotonic,0.4250000000000001,symbol_specific,False,0.47843137254901963,0.08415841584158416,255
LONG,15,position_plus_topology,hold,2,ETHUSDT,isotonic,0.4250000000000001,symbol_specific,False,0.5148247978436657,0.12144026186579378,371
LONG,15,position_plus_topology,hold,2,SOLUSDT,isotonic,0.325,symbol_specific,False,0.46068875893437294,0.5104477611940299,1539
LONG,15,position_plus_topology_compact_matrix,exit,2,ALL,isotonic,0.4250000000000001,global,False,0.4663677130044843,0.07351648351648352,669
LONG,15,position_plus_topology_compact_matrix,exit,2,BTCUSDT,isotonic,0.35000000000000003,symbol_specific,False,0.46272493573264784,0.12838283828382838,389
LONG,15,position_plus_topology_compact_matrix,exit,2,ETHUSDT,isotonic,0.4000000000000001,symbol_specific,False,0.45956607495069035,0.16595744680851063,507
LONG,15,position_plus_topology_compact_matrix,exit,2,SOLUSDT,isotonic,0.4500000000000001,symbol_specific,False,0.45528455284552843,0.04079601990049751,123
LONG,15,position_plus_topology_compact_matrix,hold,2,ALL,isotonic,0.37500000000000006,global,False,0.47955974842767296,0.20967032967032967,1908
LONG,15,position_plus_topology_compact_matrix,hold,2,BTCUSDT,isotonic,0.4500000000000001,symbol_specific,False,0.49324324324324326,0.04884488448844884,148
LONG,15,position_plus_topology_compact_matrix,hold,2,ETHUSDT,isotonic,0.37500000000000006,symbol_specific,False,0.4523809523809524,0.20621931260229132,630
LONG,15,position_plus_topology_compact_matrix,hold,2,SOLUSDT,isotonic,0.35000000000000003,symbol_specific,False,0.47323704333050126,0.39038142620232175,1177
LONG,15,position_plus_topology,exit,3,ALL,isotonic,0.4250000000000001,global,False,0.4980544747081712,0.028335170893054023,257
LONG,15,position_plus_topology,exit,3,BTCUSDT,isotonic,0.35000000000000003,symbol_specific,True,0.3743078626799557,0.2955810147299509,903
LONG,15,position_plus_topology,exit,3,ETHUSDT,isotonic,0.4000000000000001,symbol_specific,False,0.48259860788863107,0.14342762063227954,431
LONG,15,position_plus_topology,exit,3,SOLUSDT,isotonic,0.4000000000000001,symbol_specific,True,0.43190661478599224,0.1707641196013289,514
LONG,15,position_plus_topology,hold,3,ALL,isotonic,0.35000000000000003,global,False,0.46246524559777574,0.23792723263506063,2158
LONG,15,position_plus_topology,hold,3,BTCUSDT,isotonic,0.35000000000000003,symbol_specific,True,0.3668763102725367,0.15613747954173485,477
LONG,15,position_plus_topology,hold,3,ETHUSDT,isotonic,0.35000000000000003,symbol_specific,False,0.5286738351254481,0.18569051580698837,558
LONG,15,position_plus_topology,hold,3,SOLUSDT,isotonic,0.35000000000000003,symbol_specific,False,0.4701691896705254,0.37308970099667776,1123
LONG,15,position_plus_topology_compact_matrix,exit,3,ALL,isotonic,0.4000000000000001,global,False,0.4646354733405876,0.10132304299889747,919
LONG,15,position_plus_topology_compact_matrix,exit,3,BTCUSDT,isotonic,0.325,symbol_specific,True,0.350547730829421,0.20916530278232406,639
LONG,15,position_plus_topology_compact_matrix,exit,3,ETHUSDT,isotonic,0.37500000000000006,symbol_specific,False,0.4540337711069418,0.1773710482529118,533
LONG,15,position_plus_topology_compact_matrix,exit,3,SOLUSDT,isotonic,0.37500000000000006,symbol_specific,False,0.4903339191564148,0.18903654485049834,569
LONG,15,position_plus_topology_compact_matrix,hold,3,ALL,isotonic,0.37500000000000006,global,False,0.45084745762711864,0.2276736493936053,2065
LONG,15,position_plus_topology_compact_matrix,hold,3,BTCUSDT,isotonic,0.4500000000000001,symbol_specific,True,0.36797752808988765,0.11653027823240589,356
LONG,15,position_plus_topology_compact_matrix,hold,3,ETHUSDT,isotonic,0.37500000000000006,symbol_specific,False,0.5621414913957935,0.1740432612312812,523
LONG,15,position_plus_topology_compact_matrix,hold,3,SOLUSDT,isotonic,0.4500000000000001,symbol_specific,True,0.4426229508196721,0.2837209302325581,854
LONG,30,position_plus_topology,exit,1,ALL,isotonic,0.37500000000000006,global,False,0.4683724235963042,0.7005809128630706,12663
LONG,30,position_plus_topology,exit,1,BTCUSDT,isotonic,0.37500000000000006,symbol_specific,False,0.45323741007194246,0.6229045643153527,3753
LONG,30,position_plus_topology,exit,1,ETHUSDT,isotonic,0.35000000000000003,symbol_specific,False,0.45045045045045046,0.829045643153527,4995
LONG,30,position_plus_topology,exit,1,SOLUSDT,isotonic,0.325,symbol_specific,False,0.45675902602854745,0.9883817427385893,5955
LONG,30,position_plus_topology,hold,1,ALL,isotonic,0.4000000000000001,global,False,0.47379310344827585,0.24066390041493776,4350
LONG,30,position_plus_topology,hold,1,BTCUSDT,isotonic,0.4000000000000001,symbol_specific,False,0.4985941893158388,0.1770954356846473,1067
LONG,30,position_plus_topology,hold,1,ETHUSDT,isotonic,0.4000000000000001,symbol_specific,False,0.4844290657439446,0.23983402489626557,1445
LONG,30,position_plus_topology,hold,1,SOLUSDT,isotonic,0.4000000000000001,symbol_specific,False,0.4510337323177367,0.3050622406639004,1838
LONG,30,position_plus_topology_compact_matrix,exit,1,ALL,isotonic,0.3,global,False,0.45339985927205273,0.864896265560166,15633
LONG,30,position_plus_topology_compact_matrix,exit,1,BTCUSDT,isotonic,0.4000000000000001,symbol_specific,False,0.4684507042253521,0.5892116182572614,3550
LONG,30,position_plus_topology_compact_matrix,exit,1,ETHUSDT,isotonic,0.3,symbol_specific,False,0.4536793026555848,0.8187551867219917,4933
LONG,30,position_plus_topology_compact_matrix,exit,1,SOLUSDT,isotonic,0.3,symbol_specific,False,0.464205623598413,0.9621576763485478,5797
LONG,30,position_plus_topology_compact_matrix,hold,1,ALL,isotonic,0.4000000000000001,global,False,0.46051125524608927,0.29001383125864455,5242
LONG,30,position_plus_topology_compact_matrix,hold,1,BTCUSDT,isotonic,0.4000000000000001,symbol_specific,False,0.47259832366215343,0.25742738589211617,1551
LONG,30,position_plus_topology_compact_matrix,hold,1,ETHUSDT,isotonic,0.4000000000000001,symbol_specific,False,0.4592760180995475,0.2934439834024896,1768
LONG,30,position_plus_topology_compact_matrix,hold,1,SOLUSDT,isotonic,0.4000000000000001,symbol_specific,False,0.45189807592303693,0.3191701244813278,1923
LONG,30,position_plus_topology,exit,2,ALL,isotonic,0.4500000000000001,global,True,0.4878048780487805,0.0045353982300884955,82
LONG,30,position_plus_topology,exit,2,BTCUSDT,isotonic,0.4250000000000001,symbol_specific,False,0.45729303547963207,0.12620232172470977,761
LONG,30,position_plus_topology,exit,2,ETHUSDT,isotonic,0.4250000000000001,symbol_specific,False,0.4784899034240562,0.18904564315352698,1139
LONG,30,position_plus_topology,exit,2,SOLUSDT,isotonic,0.4500000000000001,symbol_specific,True,0.45454545454545453,0.009128630705394191,55
LONG,30,position_plus_topology,hold,2,ALL,isotonic,0.4250000000000001,global,False,0.4694973157637872,0.11332964601769911,2049
LONG,30,position_plus_topology,hold,2,BTCUSDT,isotonic,0.47500000000000014,symbol_specific,True,0.4673913043478261,0.015257048092868989,92
LONG,30,position_plus_topology,hold,2,ETHUSDT,isotonic,0.4250000000000001,symbol_specific,False,0.46899841017488075,0.10439834024896266,629
LONG,30,position_plus_topology,hold,2,SOLUSDT,isotonic,0.4250000000000001,symbol_specific,False,0.48313492063492064,0.16730290456431535,1008
LONG,30,position_plus_topology_compact_matrix,exit,2,ALL,isotonic,0.4500000000000001,global,False,0.4538966600057094,0.19375,3503
LONG,30,position_plus_topology_compact_matrix,exit,2,BTCUSDT,isotonic,0.4500000000000001,symbol_specific,False,0.46017699115044247,0.13117744610281923,791
LONG,30,position_plus_topology_compact_matrix,exit,2,ETHUSDT,isotonic,0.4500000000000001,symbol_specific,False,0.45509499136442144,0.19219917012448132,1158
LONG,30,position_plus_topology_compact_matrix,exit,2,SOLUSDT,isotonic,0.4000000000000001,symbol_specific,False,0.45,0.4049792531120332,2440
LONG,30,position_plus_topology_compact_matrix,hold,2,ALL,isotonic,0.4000000000000001,global,False,0.4591869918699187,0.1700774336283186,3075
LONG,30,position_plus_topology_compact_matrix,hold,2,BTCUSDT,isotonic,0.4250000000000001,symbol_specific,False,0.4550561797752809,0.08855721393034825,534
LONG,30,position_plus_topology_compact_matrix,hold,2,ETHUSDT,isotonic,0.4000000000000001,symbol_specific,False,0.4513184584178499,0.1636514522821577,986
LONG,30,position_plus_topology_compact_matrix,hold,2,SOLUSDT,isotonic,0.4000000000000001,symbol_specific,False,0.47732030704815076,0.23784232365145228,1433
LONG,30,position_plus_topology,exit,3,ALL,isotonic,0.4500000000000001,global,False,0.4664391353811149,0.04863070539419087,879
LONG,30,position_plus_topology,exit,3,BTCUSDT,isotonic,0.4500000000000001,symbol_specific,True,0.4263959390862944,0.03269709543568465,197
LONG,30,position_plus_topology,exit,3,ETHUSDT,isotonic,0.4500000000000001,symbol_specific,False,0.4837837837837838,0.061410788381742736,370
LONG,30,position_plus_topology,exit,3,SOLUSDT,isotonic,0.4500000000000001,symbol_specific,False,0.47115384615384615,0.051784232365145226,312
LONG,30,position_plus_topology,hold,3,ALL,isotonic,0.4000000000000001,global,False,0.45656028368794327,0.18721991701244814,3384
LONG,30,position_plus_topology,hold,3,BTCUSDT,isotonic,0.4250000000000001,symbol_specific,False,0.4752186588921283,0.05692946058091286,343
LONG,30,position_plus_topology,hold,3,ETHUSDT,isotonic,0.4000000000000001,symbol_specific,False,0.4864864864864865,0.1658091286307054,999
LONG,30,position_plus_topology,hold,3,SOLUSDT,isotonic,0.4000000000000001,symbol_specific,False,0.46629560915275203,0.2683817427385892,1617
LONG,30,position_plus_topology_compact_matrix,exit,3,ALL,isotonic,0.4250000000000001,global,True,0.43937575030012005,0.23042876901798062,4165
LONG,30,position_plus_topology_compact_matrix,exit,3,BTCUSDT,isotonic,0.4250000000000001,symbol_specific,True,0.3824228028503563,0.13975103734439834,842
LONG,30,position_plus_topology_compact_matrix,exit,3,ETHUSDT,isotonic,0.4250000000000001,symbol_specific,False,0.46578730420445175,0.20132780082987553,1213
LONG,30,position_plus_topology_compact_matrix,exit,3,SOLUSDT,isotonic,0.4000000000000001,symbol_specific,True,0.4498249708284714,0.5689626556016597,3428
LONG,30,position_plus_topology_compact_matrix,hold,3,ALL,isotonic,0.4250000000000001,global,False,0.46171927468099394,0.16475795297372062,2978
LONG,30,position_plus_topology_compact_matrix,hold,3,BTCUSDT,isotonic,0.4500000000000001,symbol_specific,False,0.48292682926829267,0.03402489626556016,205
LONG,30,position_plus_topology_compact_matrix,hold,3,ETHUSDT,isotonic,0.4000000000000001,symbol_specific,False,0.4542349726775956,0.24298755186721993,1464
LONG,30,position_plus_topology_compact_matrix,hold,3,SOLUSDT,isotonic,0.4000000000000001,symbol_specific,False,0.4613715277777778,0.3824066390041494,2304
LONG,60,position_plus_topology,exit,1,ALL,isotonic,0.3,global,False,0.47725582193740346,0.9663809787116395,17477
LONG,60,position_plus_topology,exit,1,BTCUSDT,isotonic,0.3,symbol_specific,False,0.47320034692107543,0.9560530679933665,5765
LONG,60,position_plus_topology,exit,1,ETHUSDT,isotonic,0.3,symbol_specific,False,0.4835779175401817,0.9492537313432836,5724
LONG,60,position_plus_topology,exit,1,SOLUSDT,isotonic,0.35000000000000003,symbol_specific,False,0.4751962585602138,0.9936929460580913,5987
LONG,60,position_plus_topology,hold,1,ALL,isotonic,0.4500000000000001,global,False,0.4857934857934858,0.23936964335084324,4329
LONG,60,position_plus_topology,hold,1,BTCUSDT,isotonic,0.4500000000000001,symbol_specific,False,0.4993939393939394,0.13681592039800994,825
LONG,60,position_plus_topology,hold,1,ETHUSDT,isotonic,0.4500000000000001,symbol_specific,False,0.4887365328109696,0.16932006633499172,1021
LONG,60,position_plus_topology,hold,1,SOLUSDT,isotonic,0.3,symbol_specific,False,0.4678731529138303,0.9996680497925311,6023
LONG,60,position_plus_topology_compact_matrix,exit,1,ALL,isotonic,0.3,global,False,0.4706371191135734,0.9980646944982029,18050
LONG,60,position_plus_topology_compact_matrix,exit,1,BTCUSDT,isotonic,0.3,symbol_specific,False,0.46473029045643155,0.9991708126036484,6025
LONG,60,position_plus_topology_compact_matrix,exit,1,ETHUSDT,isotonic,0.3,symbol_specific,False,0.47333333333333333,0.9950248756218906,6000
LONG,60,position_plus_topology_compact_matrix,exit,1,SOLUSDT,isotonic,0.3,symbol_specific,False,0.4738589211618257,1.0,6025
LONG,60,position_plus_topology_compact_matrix,hold,1,ALL,isotonic,0.4000000000000001,global,False,0.45190209377764673,0.9375172795134089,16955
LONG,60,position_plus_topology_compact_matrix,hold,1,BTCUSDT,isotonic,0.4250000000000001,symbol_specific,True,0.44637253092117407,0.8983416252072969,5417
LONG,60,position_plus_topology_compact_matrix,hold,1,ETHUSDT,isotonic,0.4500000000000001,symbol_specific,True,0.4498703543647364,0.7674958540630182,4628
LONG,60,position_plus_topology_compact_matrix,hold,1,SOLUSDT,isotonic,0.3,symbol_specific,False,0.46804979253112033,1.0,6025
LONG,60,position_plus_topology,exit,2,ALL,isotonic,0.3,global,False,0.45396596640984427,0.9975670445120265,18041
LONG,60,position_plus_topology,exit,2,BTCUSDT,isotonic,0.37500000000000006,symbol_specific,False,0.4603559870550162,0.8199004975124378,4944
LONG,60,position_plus_topology,exit,2,ETHUSDT,isotonic,0.35000000000000003,symbol_specific,False,0.4607451763140386,0.9970149253731343,6012
LONG,60,position_plus_topology,exit,2,SOLUSDT,isotonic,0.3,symbol_specific,False,0.4597510373443983,1.0,6025
LONG,60,position_plus_topology,hold,2,ALL,isotonic,0.3,global,False,0.4514791263478021,1.0,18085
LONG,60,position_plus_topology,hold,2,BTCUSDT,isotonic,0.4250000000000001,symbol_specific,False,0.45939319644498927,0.5411276948590381,3263
LONG,60,position_plus_topology,hold,2,ETHUSDT,isotonic,0.4250000000000001,symbol_specific,False,0.47539936102236424,0.5190713101160862,3130
LONG,60,position_plus_topology,hold,2,SOLUSDT,isotonic,0.3,symbol_specific,False,0.47717842323651455,1.0,6025
LONG,60,position_plus_topology_compact_matrix,exit,2,ALL,isotonic,0.3,global,False,0.4550821498189919,0.9928117224218966,17955
LONG,60,position_plus_topology_compact_matrix,exit,2,BTCUSDT,isotonic,0.35000000000000003,symbol_specific,False,0.4591893392559689,0.8960199004975125,5403
LONG,60,position_plus_topology_compact_matrix,exit,2,ETHUSDT,isotonic,0.3,symbol_specific,False,0.4620793571069814,0.9905472636815921,5973
LONG,60,position_plus_topology_compact_matrix,exit,2,SOLUSDT,isotonic,0.3,symbol_specific,False,0.4597510373443983,1.0,6025
LONG,60,position_plus_topology_compact_matrix,hold,2,ALL,isotonic,0.3,global,False,0.4561562925942753,0.9736245507326514,17608
LONG,60,position_plus_topology_compact_matrix,hold,2,BTCUSDT,isotonic,0.4500000000000001,symbol_specific,False,0.4531511433351924,0.59469320066335,3586
LONG,60,position_plus_topology_compact_matrix,hold,2,ETHUSDT,isotonic,0.37500000000000006,symbol_specific,False,0.4569782568295856,0.8923714759535655,5381
LONG,60,position_plus_topology_compact_matrix,hold,2,SOLUSDT,isotonic,0.3,symbol_specific,False,0.47794490451242183,0.9820746887966805,5917
LONG,60,position_plus_topology,exit,3,ALL,isotonic,0.4500000000000001,global,False,0.48760330578512395,0.0602156483273431,1089
LONG,60,position_plus_topology,exit,3,BTCUSDT,isotonic,0.4250000000000001,symbol_specific,True,0.4231088944305902,0.5985074626865672,3609
LONG,60,position_plus_topology,exit,3,ETHUSDT,isotonic,0.4250000000000001,symbol_specific,False,0.4523432193796695,0.7325041459369818,4417
LONG,60,position_plus_topology,exit,3,SOLUSDT,isotonic,0.4250000000000001,symbol_specific,False,0.45165505226480834,0.7621576763485477,4592
LONG,60,position_plus_topology,hold,3,ALL,isotonic,0.3,global,False,0.4688883968113375,0.9988388166989217,18064
LONG,60,position_plus_topology,hold,3,BTCUSDT,isotonic,0.3,symbol_specific,False,0.45069017129552635,0.9971807628524046,6013
LONG,60,position_plus_topology,hold,3,ETHUSDT,isotonic,0.3,symbol_specific,False,0.4746100232326585,0.9993366500829187,6026
LONG,60,position_plus_topology,hold,3,SOLUSDT,isotonic,0.3,symbol_specific,False,0.48132780082987553,1.0,6025
LONG,60,position_plus_topology_compact_matrix,exit,3,ALL,isotonic,0.4500000000000001,global,False,0.4808224594701463,0.27967929223113075,5058
LONG,60,position_plus_topology_compact_matrix,exit,3,BTCUSDT,isotonic,0.4500000000000001,symbol_specific,False,0.4582763337893297,0.24245439469320065,1462
LONG,60,position_plus_topology_compact_matrix,exit,3,ETHUSDT,isotonic,0.37500000000000006,symbol_specific,False,0.4506743737957611,0.8606965174129353,5190
LONG,60,position_plus_topology_compact_matrix,exit,3,SOLUSDT,isotonic,0.4000000000000001,symbol_specific,False,0.4552572706935123,0.8902904564315353,5364
LONG,60,position_plus_topology_compact_matrix,hold,3,ALL,isotonic,0.3,global,False,0.47761366927309584,0.9546585568150401,17265
LONG,60,position_plus_topology_compact_matrix,hold,3,BTCUSDT,isotonic,0.3,symbol_specific,False,0.4707586456635886,0.9159203980099503,5523
LONG,60,position_plus_topology_compact_matrix,hold,3,ETHUSDT,isotonic,0.3,symbol_specific,False,0.4807759524641734,0.9489220563847429,5722
LONG,60,position_plus_topology_compact_matrix,hold,3,SOLUSDT,isotonic,0.325,symbol_specific,False,0.4811367791258102,0.9986721991701245,6017
SHORT,15,position_plus_topology,exit,1,ALL,isotonic,0.4500000000000001,global,True,0.4838709677419355,0.006824435883324161,62
SHORT,15,position_plus_topology,exit,1,BTCUSDT,isotonic,0.35000000000000003,symbol_specific,False,0.45757864632983797,0.340032414910859,1049
SHORT,15,position_plus_topology,exit,1,ETHUSDT,isotonic,0.4000000000000001,symbol_specific,True,0.42136752136752137,0.38870431893687707,1170
SHORT,15,position_plus_topology,exit,1,SOLUSDT,isotonic,0.35000000000000003,symbol_specific,True,0.42375168690958165,0.4956521739130435,1482
SHORT,15,position_plus_topology,hold,1,ALL,isotonic,0.37500000000000006,global,False,0.45814634146341465,0.5641166758392956,5125
SHORT,15,position_plus_topology,hold,1,BTCUSDT,isotonic,0.4000000000000001,symbol_specific,False,0.5190217391304348,0.2385737439222042,736
SHORT,15,position_plus_topology,hold,1,ETHUSDT,isotonic,0.35000000000000003,symbol_specific,False,0.4530758868432869,0.7398671096345515,2227
SHORT,15,position_plus_topology,hold,1,SOLUSDT,isotonic,0.37500000000000006,symbol_specific,False,0.45652173913043476,0.7692307692307693,2300
SHORT,15,position_plus_topology_compact_matrix,exit,1,ALL,isotonic,0.4500000000000001,global,False,0.49295774647887325,0.05470555861309851,497
SHORT,15,position_plus_topology_compact_matrix,exit,1,BTCUSDT,isotonic,0.37500000000000006,symbol_specific,False,0.45499021526418787,0.3312803889789303,1022
SHORT,15,position_plus_topology_compact_matrix,exit,1,ETHUSDT,isotonic,0.5000000000000002,symbol_specific,False,0.4878048780487805,0.02724252491694352,82
SHORT,15,position_plus_topology_compact_matrix,exit,1,SOLUSDT,isotonic,0.4500000000000001,symbol_specific,False,0.5151515151515151,0.07725752508361204,231
SHORT,15,position_plus_topology_compact_matrix,hold,1,ALL,isotonic,0.4000000000000001,global,False,0.454265531606593,0.607705008255366,5521
SHORT,15,position_plus_topology_compact_matrix,hold,1,BTCUSDT,isotonic,0.35000000000000003,symbol_specific,False,0.45540460720614295,0.5487844408427877,1693
SHORT,15,position_plus_topology_compact_matrix,hold,1,ETHUSDT,isotonic,0.4000000000000001,symbol_specific,False,0.45132275132275135,0.627906976744186,1890
SHORT,15,position_plus_topology_compact_matrix,hold,1,SOLUSDT,isotonic,0.4250000000000001,symbol_specific,False,0.5209125475285171,0.35183946488294315,1052
SHORT,15,position_plus_topology,exit,2,ALL,isotonic,0.4000000000000001,global,False,0.48294762484774667,0.18043956043956044,1642
SHORT,15,position_plus_topology,exit,2,BTCUSDT,isotonic,0.37500000000000006,symbol_specific,False,0.4559023066485753,0.24323432343234325,737
SHORT,15,position_plus_topology,exit,2,ETHUSDT,isotonic,0.5000000000000002,symbol_specific,False,0.45614035087719296,0.05597381342062193,171
SHORT,15,position_plus_topology,exit,2,SOLUSDT,isotonic,0.37500000000000006,symbol_specific,False,0.47447698744769873,0.3963515754560531,1195
SHORT,15,position_plus_topology,hold,2,ALL,isotonic,0.4250000000000001,global,False,0.5063938618925832,0.04296703296703297,391
SHORT,15,position_plus_topology,hold,2,BTCUSDT,isotonic,0.37500000000000006,symbol_specific,False,0.46551724137931033,0.11485148514851486,348
SHORT,15,position_plus_topology,hold,2,ETHUSDT,isotonic,0.4250000000000001,symbol_specific,False,0.504950495049505,0.06612111292962357,202
SHORT,15,position_plus_topology,hold,2,SOLUSDT,isotonic,0.4250000000000001,symbol_specific,True,0.4339622641509434,0.035157545605306796,106
SHORT,15,position_plus_topology_compact_matrix,exit,2,ALL,isotonic,0.37500000000000006,global,False,0.4701461377870564,0.2631868131868132,2395
SHORT,15,position_plus_topology_compact_matrix,exit,2,BTCUSDT,isotonic,0.37500000000000006,symbol_specific,False,0.46855345911949686,0.2099009900990099,636
SHORT,15,position_plus_topology_compact_matrix,exit,2,ETHUSDT,isotonic,0.4500000000000001,symbol_specific,False,0.46923076923076923,0.1702127659574468,520
SHORT,15,position_plus_topology_compact_matrix,exit,2,SOLUSDT,isotonic,0.35000000000000003,symbol_specific,False,0.45570353213665316,0.5728026533996683,1727
SHORT,15,position_plus_topology_compact_matrix,hold,2,ALL,isotonic,0.4000000000000001,global,False,0.6203208556149733,0.020549450549450548,187
SHORT,15,position_plus_topology_compact_matrix,hold,2,BTCUSDT,isotonic,0.4000000000000001,symbol_specific,True,0.6727272727272727,0.018151815181518153,55
SHORT,15,position_plus_topology_compact_matrix,hold,2,ETHUSDT,isotonic,0.4000000000000001,symbol_specific,False,0.6530612244897959,0.032078559738134206,98
SHORT,15,position_plus_topology_compact_matrix,hold,2,SOLUSDT,isotonic,0.37500000000000006,symbol_specific,True,0.4030067895247333,0.6839137645107795,2062
SHORT,15,position_plus_topology,exit,3,ALL,isotonic,0.37500000000000006,global,False,0.45977653631284915,0.19735391400220506,1790
SHORT,15,position_plus_topology,exit,3,BTCUSDT,isotonic,0.4500000000000001,symbol_specific,True,0.37142857142857144,0.06873977086743044,210
SHORT,15,position_plus_topology,exit,3,ETHUSDT,isotonic,0.37500000000000006,symbol_specific,False,0.5102040816326531,0.16306156405990016,490
SHORT,15,position_plus_topology,exit,3,SOLUSDT,isotonic,0.37500000000000006,symbol_specific,False,0.4734561213434453,0.3066445182724252,923
SHORT,15,position_plus_topology,hold,3,ALL,isotonic,0.4000000000000001,global,False,0.4662480376766091,0.14046306504961412,1274
SHORT,15,position_plus_topology,hold,3,BTCUSDT,isotonic,0.4250000000000001,symbol_specific,True,0.391705069124424,0.07103109656301146,217
SHORT,15,position_plus_topology,hold,3,ETHUSDT,isotonic,0.4000000000000001,symbol_specific,False,0.4920273348519362,0.146089850249584,439
SHORT,15,position_plus_topology,hold,3,SOLUSDT,isotonic,0.4000000000000001,symbol_specific,False,0.5196850393700787,0.16877076411960132,508
SHORT,15,position_plus_topology_compact_matrix,exit,3,ALL,isotonic,0.35000000000000003,global,False,0.4599447513812155,0.239470782800441,2172
SHORT,15,position_plus_topology_compact_matrix,exit,3,BTCUSDT,isotonic,0.37500000000000006,symbol_specific,True,0.4108527131782946,0.12667757774140753,387
SHORT,15,position_plus_topology_compact_matrix,exit,3,ETHUSDT,isotonic,0.35000000000000003,symbol_specific,False,0.49310344827586206,0.1930116472545757,580
SHORT,15,position_plus_topology_compact_matrix,exit,3,SOLUSDT,isotonic,0.35000000000000003,symbol_specific,False,0.47349505840071876,0.3697674418604651,1113
SHORT,15,position_plus_topology_compact_matrix,hold,3,ALL,isotonic,0.4000000000000001,global,False,0.46387832699619774,0.11598676957001103,1052
SHORT,15,position_plus_topology_compact_matrix,hold,3,BTCUSDT,isotonic,0.35000000000000003,symbol_specific,True,0.3605577689243028,0.16432078559738134,502
SHORT,15,position_plus_topology_compact_matrix,hold,3,ETHUSDT,isotonic,0.4000000000000001,symbol_specific,False,0.46766169154228854,0.13377703826955076,402
SHORT,15,position_plus_topology_compact_matrix,hold,3,SOLUSDT,isotonic,0.4000000000000001,symbol_specific,False,0.5280612244897959,0.13023255813953488,392
SHORT,30,position_plus_topology,exit,1,ALL,isotonic,0.4500000000000001,global,False,0.49159021406727826,0.07236514522821577,1308
SHORT,30,position_plus_topology,exit,1,BTCUSDT,isotonic,0.4000000000000001,symbol_specific,False,0.46967821782178215,0.2682157676348548,1616
SHORT,30,position_plus_topology,exit,1,ETHUSDT,isotonic,0.4250000000000001,symbol_specific,False,0.4572972972972973,0.3070539419087137,1850
SHORT,30,position_plus_topology,exit,1,SOLUSDT,isotonic,0.4500000000000001,symbol_specific,False,0.5051369863013698,0.09692946058091287,584
SHORT,30,position_plus_topology,hold,1,ALL,isotonic,0.325,global,False,0.453153704837722,0.9034578146611342,16330
SHORT,30,position_plus_topology,hold,1,BTCUSDT,isotonic,0.4000000000000001,symbol_specific,False,0.47581903276131043,0.5319502074688797,3205
SHORT,30,position_plus_topology,hold,1,ETHUSDT,isotonic,0.325,symbol_specific,False,0.45703125,0.8497925311203319,5120
SHORT,30,position_plus_topology,hold,1,SOLUSDT,isotonic,0.3,symbol_specific,False,0.4600665557404326,0.9975103734439834,6010
SHORT,30,position_plus_topology_compact_matrix,exit,1,ALL,isotonic,0.4000000000000001,global,False,0.45118449389806176,0.3082710926694329,5572
SHORT,30,position_plus_topology_compact_matrix,exit,1,BTCUSDT,isotonic,0.4500000000000001,symbol_specific,False,0.47275641025641024,0.10356846473029045,624
SHORT,30,position_plus_topology_compact_matrix,exit,1,ETHUSDT,isotonic,0.37500000000000006,symbol_specific,False,0.46446961894953653,0.32232365145228214,1942
SHORT,30,position_plus_topology_compact_matrix,exit,1,SOLUSDT,isotonic,0.37500000000000006,symbol_specific,False,0.45382585751978893,0.37742738589211616,2274
SHORT,30,position_plus_topology_compact_matrix,hold,1,ALL,isotonic,0.3,global,False,0.4505435751202994,0.9312863070539419,16833
SHORT,30,position_plus_topology_compact_matrix,hold,1,BTCUSDT,isotonic,0.4000000000000001,symbol_specific,False,0.46597713663581924,0.6097925311203319,3674
SHORT,30,position_plus_topology_compact_matrix,hold,1,ETHUSDT,isotonic,0.3,symbol_specific,False,0.4501108647450111,0.8982572614107884,5412
SHORT,30,position_plus_topology_compact_matrix,hold,1,SOLUSDT,isotonic,0.3,symbol_specific,False,0.4605153782211139,0.9983402489626556,6015
SHORT,30,position_plus_topology,exit,2,ALL,isotonic,0.37500000000000006,global,False,0.4543744120413923,0.23517699115044247,4252
SHORT,30,position_plus_topology,exit,2,BTCUSDT,isotonic,0.4000000000000001,symbol_specific,True,0.4322033898305085,0.11741293532338308,708
SHORT,30,position_plus_topology,exit,2,ETHUSDT,isotonic,0.37500000000000006,symbol_specific,False,0.4711111111111111,0.22406639004149378,1350
SHORT,30,position_plus_topology,exit,2,SOLUSDT,isotonic,0.37500000000000006,symbol_specific,False,0.4635017866258295,0.32514522821576763,1959
SHORT,30,position_plus_topology,hold,2,ALL,isotonic,0.4500000000000001,global,False,0.49834619625137816,0.05016592920353982,907
SHORT,30,position_plus_topology,hold,2,BTCUSDT,isotonic,0.4250000000000001,symbol_specific,False,0.45598591549295775,0.18839137645107795,1136
SHORT,30,position_plus_topology,hold,2,ETHUSDT,isotonic,0.4000000000000001,symbol_specific,False,0.4526967285587975,0.3754356846473029,2262
SHORT,30,position_plus_topology,hold,2,SOLUSDT,isotonic,0.4500000000000001,symbol_specific,False,0.4889380530973451,0.07502074688796681,452
SHORT,30,position_plus_topology_compact_matrix,exit,2,ALL,isotonic,0.37500000000000006,global,False,0.4778849351513136,0.16631637168141594,3007
SHORT,30,position_plus_topology_compact_matrix,exit,2,BTCUSDT,isotonic,0.37500000000000006,symbol_specific,False,0.45773524720893144,0.10398009950248756,627
SHORT,30,position_plus_topology_compact_matrix,exit,2,ETHUSDT,isotonic,0.37500000000000006,symbol_specific,False,0.49836779107725787,0.1525311203319502,919
SHORT,30,position_plus_topology_compact_matrix,exit,2,SOLUSDT,isotonic,0.37500000000000006,symbol_specific,False,0.4736481861738535,0.2424896265560166,1461
SHORT,30,position_plus_topology_compact_matrix,hold,2,ALL,isotonic,0.4000000000000001,global,False,0.4562753902073979,0.25868362831858405,4677
SHORT,30,position_plus_topology_compact_matrix,hold,2,BTCUSDT,isotonic,0.4000000000000001,symbol_specific,False,0.4508611955420466,0.16368159203980098,987
SHORT,30,position_plus_topology_compact_matrix,hold,2,ETHUSDT,isotonic,0.4000000000000001,symbol_specific,False,0.4784747847478475,0.26987551867219917,1626
SHORT,30,position_plus_topology_compact_matrix,hold,2,SOLUSDT,isotonic,0.47500000000000014,symbol_specific,False,0.5238095238095238,0.04531120331950207,273
SHORT,30,position_plus_topology,exit,3,ALL,isotonic,0.4250000000000001,global,False,0.4606263301915476,0.1819640387275242,3289
SHORT,30,position_plus_topology,exit,3,BTCUSDT,isotonic,0.4500000000000001,symbol_specific,False,0.45,0.04979253112033195,300
SHORT,30,position_plus_topology,exit,3,ETHUSDT,isotonic,0.4000000000000001,symbol_specific,False,0.4849624060150376,0.22074688796680497,1330
SHORT,30,position_plus_topology,exit,3,SOLUSDT,isotonic,0.4000000000000001,symbol_specific,False,0.4520758585340851,0.32381742738589214,1951
SHORT,30,position_plus_topology,hold,3,ALL,isotonic,0.4500000000000001,global,False,0.4954954954954955,0.030705394190871368,555
SHORT,30,position_plus_topology,hold,3,BTCUSDT,isotonic,0.4500000000000001,symbol_specific,False,0.5151515151515151,0.027385892116182572,165
SHORT,30,position_plus_topology,hold,3,ETHUSDT,isotonic,0.4000000000000001,symbol_specific,False,0.4603174603174603,0.3136929460580913,1890
SHORT,30,position_plus_topology,hold,3,SOLUSDT,isotonic,0.4250000000000001,symbol_specific,False,0.4631782945736434,0.42821576763485475,2580
SHORT,30,position_plus_topology_compact_matrix,exit,3,ALL,isotonic,0.4000000000000001,global,False,0.4621710526315789,0.20182572614107883,3648
SHORT,30,position_plus_topology_compact_matrix,exit,3,BTCUSDT,isotonic,0.4500000000000001,symbol_specific,False,0.47333333333333333,0.04979253112033195,300
SHORT,30,position_plus_topology_compact_matrix,exit,3,ETHUSDT,isotonic,0.4000000000000001,symbol_specific,False,0.49417040358744396,0.18506224066390042,1115
SHORT,30,position_plus_topology_compact_matrix,exit,3,SOLUSDT,isotonic,0.4000000000000001,symbol_specific,False,0.4677137870855148,0.28531120331950205,1719
SHORT,30,position_plus_topology_compact_matrix,hold,3,ALL,isotonic,0.4250000000000001,global,False,0.4557860262008734,0.2027109266943292,3664
SHORT,30,position_plus_topology_compact_matrix,hold,3,BTCUSDT,isotonic,0.4250000000000001,symbol_specific,True,0.421195652173913,0.12215767634854771,736
SHORT,30,position_plus_topology_compact_matrix,hold,3,ETHUSDT,isotonic,0.4250000000000001,symbol_specific,False,0.4668615984405458,0.17029045643153526,1026
SHORT,30,position_plus_topology_compact_matrix,hold,3,SOLUSDT,isotonic,0.4250000000000001,symbol_specific,False,0.46319663512092535,0.3156846473029046,1902
SHORT,60,position_plus_topology,exit,1,ALL,isotonic,0.4250000000000001,global,False,0.45301837270341205,0.5266795687033453,9525
SHORT,60,position_plus_topology,exit,1,BTCUSDT,isotonic,0.4500000000000001,symbol_specific,False,0.5529100529100529,0.0626865671641791,378
SHORT,60,position_plus_topology,exit,1,ETHUSDT,isotonic,0.4250000000000001,symbol_specific,False,0.4518348623853211,0.5061359867330016,3052
SHORT,60,position_plus_topology,exit,1,SOLUSDT,isotonic,0.3,symbol_specific,False,0.4597510373443983,1.0,6025
SHORT,60,position_plus_topology,hold,1,ALL,isotonic,0.3,global,False,0.498544437467892,0.968703345313796,17519
SHORT,60,position_plus_topology,hold,1,BTCUSDT,isotonic,0.3,symbol_specific,False,0.49471495408074856,0.9570480928689884,5771
SHORT,60,position_plus_topology,hold,1,ETHUSDT,isotonic,0.3,symbol_specific,False,0.5049573838928509,0.9533996683250414,5749
SHORT,60,position_plus_topology,hold,1,SOLUSDT,isotonic,0.325,symbol_specific,False,0.49807402445151566,0.9910373443983402,5971
SHORT,60,position_plus_topology_compact_matrix,exit,1,ALL,isotonic,0.4500000000000001,global,False,0.4585206375153249,0.2706110035941388,4894
SHORT,60,position_plus_topology_compact_matrix,exit,1,BTCUSDT,isotonic,0.47500000000000014,symbol_specific,True,0.75,0.009950248756218905,60
SHORT,60,position_plus_topology_compact_matrix,exit,1,ETHUSDT,isotonic,0.4500000000000001,symbol_specific,False,0.4630225080385852,0.25787728026533996,1555
SHORT,60,position_plus_topology_compact_matrix,exit,1,SOLUSDT,isotonic,0.3,symbol_specific,False,0.4597510373443983,1.0,6025
SHORT,60,position_plus_topology_compact_matrix,hold,1,ALL,isotonic,0.3,global,False,0.49474635634391595,0.9788222283660493,17702
SHORT,60,position_plus_topology_compact_matrix,hold,1,BTCUSDT,isotonic,0.3,symbol_specific,False,0.4870580274065302,0.9802653399668325,5911
SHORT,60,position_plus_topology_compact_matrix,hold,1,ETHUSDT,isotonic,0.3,symbol_specific,False,0.5019941043870296,0.9563847429519071,5767
SHORT,60,position_plus_topology_compact_matrix,hold,1,SOLUSDT,isotonic,0.3,symbol_specific,False,0.4953519256308101,0.9998340248962656,6024
SHORT,60,position_plus_topology,exit,2,ALL,isotonic,0.4250000000000001,global,False,0.460786467486819,0.503400608238872,9104
SHORT,60,position_plus_topology,exit,2,BTCUSDT,isotonic,0.4500000000000001,symbol_specific,False,0.47766323024054985,0.14477611940298507,873
SHORT,60,position_plus_topology,exit,2,ETHUSDT,isotonic,0.4250000000000001,symbol_specific,False,0.4690514469453376,0.41260364842454395,2488
SHORT,60,position_plus_topology,exit,2,SOLUSDT,isotonic,0.3,symbol_specific,False,0.46224066390041496,1.0,6025
SHORT,60,position_plus_topology,hold,2,ALL,isotonic,0.3,global,False,0.47546917636576264,0.9929223113077136,17957
SHORT,60,position_plus_topology,hold,2,BTCUSDT,isotonic,0.3,symbol_specific,False,0.46592816381336016,0.9880597014925373,5958
SHORT,60,position_plus_topology,hold,2,ETHUSDT,isotonic,0.3,symbol_specific,False,0.48744559758955475,0.9907131011608623,5974
SHORT,60,position_plus_topology,hold,2,SOLUSDT,isotonic,0.3,symbol_specific,False,0.4730290456431535,1.0,6025
SHORT,60,position_plus_topology_compact_matrix,exit,2,ALL,isotonic,0.4000000000000001,global,False,0.46122614697523345,0.5447608515344208,9852
SHORT,60,position_plus_topology_compact_matrix,exit,2,BTCUSDT,isotonic,0.4250000000000001,symbol_specific,True,0.43393889347646575,0.40165837479270317,2422
SHORT,60,position_plus_topology_compact_matrix,exit,2,ETHUSDT,isotonic,0.4000000000000001,symbol_specific,False,0.47323735695828717,0.44925373134328356,2709
SHORT,60,position_plus_topology_compact_matrix,exit,2,SOLUSDT,isotonic,0.3,symbol_specific,False,0.46224066390041496,1.0,6025
SHORT,60,position_plus_topology_compact_matrix,hold,2,ALL,isotonic,0.3,global,False,0.47415755287847666,0.9960188001105889,18013
SHORT,60,position_plus_topology_compact_matrix,hold,2,BTCUSDT,isotonic,0.3,symbol_specific,False,0.4630681818181818,0.9923714759535655,5984
SHORT,60,position_plus_topology_compact_matrix,hold,2,ETHUSDT,isotonic,0.35000000000000003,symbol_specific,False,0.4866666666666667,0.9950248756218906,6000
SHORT,60,position_plus_topology_compact_matrix,hold,2,SOLUSDT,isotonic,0.3,symbol_specific,False,0.4730290456431535,1.0,6025
SHORT,60,position_plus_topology,exit,3,ALL,isotonic,0.35000000000000003,global,False,0.4512575837898333,0.9387337572573956,16977
SHORT,60,position_plus_topology,exit,3,BTCUSDT,isotonic,0.4000000000000001,symbol_specific,False,0.4604409857328145,0.6393034825870647,3855
SHORT,60,position_plus_topology,exit,3,ETHUSDT,isotonic,0.3,symbol_specific,False,0.45514950166112955,0.9983416252072969,6020
SHORT,60,position_plus_topology,exit,3,SOLUSDT,isotonic,0.3,symbol_specific,False,0.4597510373443983,1.0,6025
SHORT,60,position_plus_topology,hold,3,ALL,isotonic,0.3,global,False,0.45565749235474007,0.9763892728780758,17658
SHORT,60,position_plus_topology,hold,3,BTCUSDT,isotonic,0.47500000000000014,symbol_specific,False,0.4970622796709753,0.14112769485903814,851
SHORT,60,position_plus_topology,hold,3,ETHUSDT,isotonic,0.3,symbol_specific,False,0.45257591265779595,0.972139303482587,5862
SHORT,60,position_plus_topology,hold,3,SOLUSDT,isotonic,0.3,symbol_specific,False,0.4688279301745636,0.9983402489626556,6015
SHORT,60,position_plus_topology_compact_matrix,exit,3,ALL,isotonic,0.37500000000000006,global,False,0.4539151225343694,0.9250760298589992,16730
SHORT,60,position_plus_topology_compact_matrix,exit,3,BTCUSDT,isotonic,0.4000000000000001,symbol_specific,False,0.46316594443028297,0.6505804311774461,3923
SHORT,60,position_plus_topology_compact_matrix,exit,3,ETHUSDT,isotonic,0.3,symbol_specific,False,0.4614453665283541,0.9592039800995025,5784
SHORT,60,position_plus_topology_compact_matrix,exit,3,SOLUSDT,isotonic,0.3,symbol_specific,False,0.45930232558139533,0.9991701244813278,6020
SHORT,60,position_plus_topology_compact_matrix,hold,3,ALL,isotonic,0.3,global,False,0.45592481458415896,0.9766657450926182,17663
SHORT,60,position_plus_topology_compact_matrix,hold,3,BTCUSDT,isotonic,0.4000000000000001,symbol_specific,False,0.45167173252279635,0.818407960199005,4935
SHORT,60,position_plus_topology_compact_matrix,hold,3,ETHUSDT,isotonic,0.37500000000000006,symbol_specific,False,0.4561283714578354,0.9714759535655058,5858
SHORT,60,position_plus_topology_compact_matrix,hold,3,SOLUSDT,isotonic,0.3,symbol_specific,False,0.4683860232945091,0.9975103734439834,6010
