side,horizon_minutes,feature_group,head,symbol,folds,threshold_mean,threshold_std,threshold_min,threshold_max,threshold_range,fallback_rate,symbol_specific_rate,test_precision_mean,test_precision_std,test_coverage_mean,stable_threshold
LONG,15,position_plus_topology,exit,ALL,3,0.41666666666666674,0.011785113019775804,0.4000000000000001,0.4250000000000001,0.025000000000000022,0.0,0.0,0.40077229447910573,0.0243005540613543,0.19724787253304366,True
LONG,15,position_plus_topology,exit,BTCUSDT,3,0.3666666666666667,0.023570226039551605,0.35000000000000003,0.4000000000000001,0.050000000000000044,0.3333333333333333,1.0,0.37598537590207654,0.017958143288720693,0.20983908636293533,True
LONG,15,position_plus_topology,exit,ETHUSDT,3,0.4000000000000001,0.02041241452319317,0.37500000000000006,0.4250000000000001,0.050000000000000044,0.0,1.0,0.3940411555887158,0.09267620335533665,0.26780778627491186,True
LONG,15,position_plus_topology,exit,SOLUSDT,3,0.40833333333333344,0.031180478223116207,0.37500000000000006,0.4500000000000001,0.07500000000000007,0.6666666666666666,1.0,0.4243957335640127,0.07854923455215919,0.3323039133966169,True
LONG,15,position_plus_topology,hold,ALL,3,0.40833333333333344,0.04249182927993991,0.35000000000000003,0.4500000000000001,0.10000000000000009,0.0,0.0,0.42212848879515547,0.03178877371222131,0.09686764439616151,True
LONG,15,position_plus_topology,hold,BTCUSDT,3,0.3916666666666668,0.031180478223116207,0.35000000000000003,0.4250000000000001,0.07500000000000007,0.6666666666666666,1.0,0.34392633954890767,0.061454341225134455,0.12005788993171197,True
LONG,15,position_plus_topology,hold,ETHUSDT,3,0.4000000000000001,0.03535533905932741,0.35000000000000003,0.4250000000000001,0.07500000000000007,0.3333333333333333,1.0,0.43297358273041936,0.03223640474093185,0.1704612483325085,True
LONG,15,position_plus_topology,hold,SOLUSDT,3,0.3583333333333334,0.031180478223116207,0.325,0.4000000000000001,0.07500000000000007,0.0,1.0,0.4121968090122725,0.018246073229597957,0.38026481534989803,True
LONG,15,position_plus_topology_compact_matrix,exit,ALL,3,0.4000000000000001,0.02041241452319317,0.37500000000000006,0.4250000000000001,0.050000000000000044,0.0,0.0,0.3841955815755021,0.021471281617904778,0.24063009234111898,True
LONG,15,position_plus_topology_compact_matrix,exit,BTCUSDT,3,0.35000000000000003,0.02041241452319317,0.325,0.37500000000000006,0.050000000000000044,0.3333333333333333,1.0,0.3482947112199273,0.02770129380933251,0.19243849326602758,True
LONG,15,position_plus_topology_compact_matrix,exit,ETHUSDT,3,0.37500000000000006,0.02041241452319317,0.35000000000000003,0.4000000000000001,0.050000000000000044,0.0,1.0,0.38387456004673653,0.008950196095001322,0.2957256914739485,True
LONG,15,position_plus_topology_compact_matrix,exit,SOLUSDT,3,0.40833333333333344,0.031180478223116207,0.37500000000000006,0.4500000000000001,0.07500000000000007,0.0,1.0,0.3843529041215643,0.022750892781467635,0.3091158391279093,True
LONG,15,position_plus_topology_compact_matrix,hold,ALL,3,0.3916666666666668,0.023570226039551608,0.37500000000000006,0.4250000000000001,0.050000000000000044,0.0,0.0,0.4295190479882816,0.055575131596574165,0.1371718269056672,True
LONG,15,position_plus_topology_compact_matrix,hold,BTCUSDT,3,0.4250000000000001,0.03535533905932741,0.37500000000000006,0.4500000000000001,0.07500000000000007,0.3333333333333333,1.0,0.3088396613016276,0.07565791987264031,0.12596313891650332,True
LONG,15,position_plus_topology_compact_matrix,hold,ETHUSDT,3,0.3916666666666668,0.023570226039551608,0.37500000000000006,0.4250000000000001,0.050000000000000044,0.0,1.0,0.43202212781752053,0.045956678105047076,0.1179904289847386,True
LONG,15,position_plus_topology_compact_matrix,hold,SOLUSDT,3,0.41666666666666674,0.04714045207910321,0.35000000000000003,0.4500000000000001,0.10000000000000009,0.3333333333333333,1.0,0.43847302243528663,0.04972732462812039,0.22062222312382063,True
LONG,30,position_plus_topology,exit,ALL,3,0.4250000000000001,0.03535533905932741,0.37500000000000006,0.4500000000000001,0.07500000000000007,0.3333333333333333,0.0,0.38787033612838445,0.014592159382087634,0.23597161572052405,True
LONG,30,position_plus_topology,exit,BTCUSDT,3,0.41666666666666674,0.031180478223116207,0.37500000000000006,0.4500000000000001,0.07500000000000007,0.3333333333333333,1.0,0.3625170350662017,0.034252783139125324,0.23200698094315117,True
LONG,30,position_plus_topology,exit,ETHUSDT,3,0.40833333333333344,0.04249182927993991,0.35000000000000003,0.4500000000000001,0.10000000000000009,0.0,1.0,0.39493883906873517,0.031147092312290008,0.3508623636283211,True
LONG,30,position_plus_topology,exit,SOLUSDT,3,0.40833333333333344,0.058925565098879015,0.325,0.4500000000000001,0.1250000000000001,0.3333333333333333,1.0,0.3769105638437873,0.04003333558494364,0.338733779159311,False
LONG,30,position_plus_topology,hold,ALL,3,0.40833333333333344,0.011785113019775804,0.4000000000000001,0.4250000000000001,0.025000000000000022,0.0,0.0,0.4747566168587702,0.010810673461229917,0.1311863173216885,True
LONG,30,position_plus_topology,hold,BTCUSDT,3,0.4333333333333334,0.031180478223116207,0.4000000000000001,0.47500000000000014,0.07500000000000007,0.3333333333333333,1.0,0.4710675681450584,0.05508280607137802,0.048620857131495436,True
LONG,30,position_plus_topology,hold,ETHUSDT,3,0.40833333333333344,0.011785113019775804,0.4000000000000001,0.4250000000000001,0.025000000000000022,0.0,1.0,0.49144302400217327,0.016447212164157447,0.13123556527811844,True
LONG,30,position_plus_topology,hold,SOLUSDT,3,0.40833333333333344,0.011785113019775804,0.4000000000000001,0.4250000000000001,0.025000000000000022,0.0,1.0,0.48063609573165694,0.005225036329903532,0.18722961914451275,True
LONG,30,position_plus_topology_compact_matrix,exit,ALL,3,0.3916666666666668,0.06561673228343182,0.3,0.4500000000000001,0.15000000000000013,0.3333333333333333,0.0,0.4018611240236167,0.019700203871335593,0.39585152838427945,False
LONG,30,position_plus_topology_compact_matrix,exit,BTCUSDT,3,0.4250000000000001,0.02041241452319317,0.4000000000000001,0.4500000000000001,0.050000000000000044,0.3333333333333333,1.0,0.36392381560263415,0.025500499508008492,0.22012356054909246,True
LONG,30,position_plus_topology_compact_matrix,exit,ETHUSDT,3,0.3916666666666668,0.06561673228343182,0.3,0.4500000000000001,0.15000000000000013,0.0,1.0,0.4214885796562482,0.0301735601980444,0.3713429692153096,False
LONG,30,position_plus_topology_compact_matrix,exit,SOLUSDT,3,0.3666666666666667,0.04714045207910321,0.3,0.4000000000000001,0.10000000000000009,0.3333333333333333,1.0,0.4066923581378185,0.028017910979296616,0.6065817640285726,True
LONG,30,position_plus_topology_compact_matrix,hold,ALL,3,0.40833333333333344,0.011785113019775802,0.4000000000000001,0.4250000000000001,0.025000000000000022,0.0,0.0,0.46096016162239556,0.02175366073442035,0.1576419213973799,True
LONG,30,position_plus_topology_compact_matrix,hold,BTCUSDT,3,0.4250000000000001,0.02041241452319317,0.4000000000000001,0.4500000000000001,0.050000000000000044,0.0,1.0,0.43646264863441714,0.054567106245612305,0.08125404082850891,True
LONG,30,position_plus_topology_compact_matrix,hold,ETHUSDT,3,0.4000000000000001,0.0,0.4000000000000001,0.4000000000000001,0.0,0.0,1.0,0.46581315705638743,0.018394956927663023,0.18347427921896006,True
LONG,30,position_plus_topology_compact_matrix,hold,SOLUSDT,3,0.4000000000000001,0.0,0.4000000000000001,0.4000000000000001,0.0,0.0,1.0,0.45332059890427084,0.0100937859649652,0.24748471131449853,True
LONG,60,position_plus_topology,exit,ALL,3,0.35000000000000003,0.07071067811865482,0.3,0.4500000000000001,0.15000000000000013,0.0,0.0,0.45970329640517843,0.026693516714547737,0.6692489543553374,False
LONG,60,position_plus_topology,exit,BTCUSDT,3,0.3666666666666667,0.05137011669140818,0.3,0.4250000000000001,0.1250000000000001,0.3333333333333333,1.0,0.430955754524003,0.014851391915761177,0.7489907255864702,False
LONG,60,position_plus_topology,exit,ETHUSDT,3,0.3583333333333334,0.05137011669140818,0.3,0.4250000000000001,0.1250000000000001,0.0,1.0,0.452912232445499,0.015340030189240437,0.8640480087288598,False
LONG,60,position_plus_topology,exit,SOLUSDT,3,0.3583333333333334,0.05137011669140818,0.3,0.4250000000000001,0.1250000000000001,0.0,1.0,0.4527109231540538,0.009396076756040119,0.9187124931805783,False
LONG,60,position_plus_topology,hold,ALL,3,0.35000000000000003,0.07071067811865482,0.3,0.4500000000000001,0.15000000000000013,0.0,0.0,0.46364316194509114,0.015950401108232162,0.7319148936170213,False
LONG,60,position_plus_topology,hold,BTCUSDT,3,0.3916666666666668,0.06561673228343182,0.3,0.4500000000000001,0.15000000000000013,0.0,1.0,0.46643385421366085,0.04144985862671938,0.5374249863611565,False
LONG,60,position_plus_topology,hold,ETHUSDT,3,0.3916666666666668,0.06561673228343182,0.3,0.4500000000000001,0.15000000000000013,0.0,1.0,0.48425319087731555,0.01698207470789677,0.5502454991816693,False
LONG,60,position_plus_topology,hold,SOLUSDT,3,0.3,0.0,0.3,0.3,0.0,0.0,1.0,0.4694489907255865,0.009551086415718273,1.0,True
LONG,60,position_plus_topology_compact_matrix,exit,ALL,3,0.35000000000000003,0.07071067811865482,0.3,0.4500000000000001,0.15000000000000013,0.0,0.0,0.45467704713251605,0.02258235216211542,0.7421713038734316,False
LONG,60,position_plus_topology_compact_matrix,exit,BTCUSDT,3,0.3666666666666667,0.06236095644623241,0.3,0.4500000000000001,0.15000000000000013,0.0,1.0,0.4480171836251654,0.03469326032055279,0.7004909983633388,False
LONG,60,position_plus_topology_compact_matrix,exit,ETHUSDT,3,0.325,0.03535533905932741,0.3,0.37500000000000006,0.07500000000000007,0.0,1.0,0.4443566843249452,0.012898841308098888,0.9129296235679214,True
LONG,60,position_plus_topology_compact_matrix,exit,SOLUSDT,3,0.3333333333333333,0.04714045207910321,0.3,0.4000000000000001,0.10000000000000009,0.0,1.0,0.4480467699495773,0.013595142288156774,0.9528641571194761,True
LONG,60,position_plus_topology_compact_matrix,hold,ALL,3,0.3333333333333333,0.04714045207910321,0.3,0.4000000000000001,0.10000000000000009,0.0,0.0,0.46048720051763,0.009567186898872709,0.9328423349699945,True
LONG,60,position_plus_topology_compact_matrix,hold,BTCUSDT,3,0.3916666666666668,0.06561673228343182,0.3,0.4500000000000001,0.15000000000000013,0.3333333333333333,1.0,0.4592559622438397,0.033593637958114334,0.79012547735952,False
LONG,60,position_plus_topology_compact_matrix,hold,ETHUSDT,3,0.37500000000000006,0.061237243569579505,0.3,0.4500000000000001,0.15000000000000013,0.3333333333333333,1.0,0.4743597043293744,0.012774234814889663,0.8379705400981997,False
LONG,60,position_plus_topology_compact_matrix,hold,SOLUSDT,3,0.30833333333333335,0.011785113019775802,0.3,0.325,0.025000000000000022,0.0,1.0,0.4688581721798421,0.009014116282592159,0.9906164757228586,True
SHORT,15,position_plus_topology,exit,ALL,3,0.40833333333333344,0.031180478223116207,0.37500000000000006,0.4500000000000001,0.07500000000000007,0.3333333333333333,0.0,0.37618651105375384,0.06928300952599215,0.10295129458627557,True
SHORT,15,position_plus_topology,exit,BTCUSDT,3,0.3916666666666668,0.042491829279939906,0.35000000000000003,0.4500000000000001,0.10000000000000009,0.3333333333333333,1.0,0.33793170728011157,0.06197660417764075,0.1761750890340359,True
SHORT,15,position_plus_topology,exit,ETHUSDT,3,0.4250000000000001,0.05400617248673224,0.37500000000000006,0.5000000000000002,0.12500000000000017,0.3333333333333333,1.0,0.4393512286324786,0.02536544718980395,0.16629188562849265,False
SHORT,15,position_plus_topology,exit,SOLUSDT,3,0.3666666666666667,0.011785113019775804,0.35000000000000003,0.37500000000000006,0.025000000000000022,0.3333333333333333,1.0,0.41815933137699696,0.01917223548696348,0.3688969480806747,True
SHORT,15,position_plus_topology,hold,ALL,3,0.4000000000000001,0.02041241452319317,0.37500000000000006,0.4250000000000001,0.050000000000000044,0.0,0.0,0.3817315411432993,0.014255295813241224,0.21611443056309979,True
SHORT,15,position_plus_topology,hold,BTCUSDT,3,0.4000000000000001,0.02041241452319317,0.37500000000000006,0.4250000000000001,0.050000000000000044,0.3333333333333333,1.0,0.35803835252969907,0.0296529180811894,0.10970443089956344,True
SHORT,15,position_plus_topology,hold,ETHUSDT,3,0.3916666666666668,0.031180478223116207,0.35000000000000003,0.4250000000000001,0.07500000000000007,0.0,1.0,0.3872052694123164,0.03868903222574226,0.27731123144875697,True
SHORT,15,position_plus_topology,hold,SOLUSDT,3,0.4000000000000001,0.02041241452319317,0.37500000000000006,0.4250000000000001,0.050000000000000044,0.3333333333333333,1.0,0.398525756098941,0.025079853917495315,0.324731078476138,True
SHORT,15,position_plus_topology_compact_matrix,exit,ALL,3,0.3916666666666668,0.04249182927993991,0.35000000000000003,0.4500000000000001,0.10000000000000009,0.0,0.0,0.4314247121179029,0.031014770027157804,0.15353974289335506,True
SHORT,15,position_plus_topology_compact_matrix,exit,BTCUSDT,3,0.37500000000000006,0.0,0.37500000000000006,0.37500000000000006,0.0,0.3333333333333333,1.0,0.3416069237717864,0.04799733307610154,0.17882654355884672,True
SHORT,15,position_plus_topology_compact_matrix,exit,ETHUSDT,3,0.4333333333333335,0.062360956446232435,0.35000000000000003,0.5000000000000002,0.1500000000000002,0.0,1.0,0.49193450472768174,0.08059845687655302,0.1030854848075136,False
SHORT,15,position_plus_topology_compact_matrix,exit,SOLUSDT,3,0.38333333333333336,0.04714045207910321,0.35000000000000003,0.4500000000000001,0.10000000000000009,0.0,1.0,0.4411622236284718,0.034264094622136004,0.2967735398895317,True
SHORT,15,position_plus_topology_compact_matrix,hold,ALL,3,0.4000000000000001,0.0,0.4000000000000001,0.4000000000000001,0.0,0.0,0.0,0.3886277277836738,0.044375686425092147,0.22690566720984973,True
SHORT,15,position_plus_topology_compact_matrix,hold,BTCUSDT,3,0.3666666666666667,0.023570226039551605,0.35000000000000003,0.4000000000000001,0.050000000000000044,0.6666666666666666,1.0,0.32915823905369557,0.022787700133642213,0.17683644621215477,True
SHORT,15,position_plus_topology_compact_matrix,hold,ETHUSDT,3,0.4000000000000001,0.0,0.4000000000000001,0.4000000000000001,0.0,0.0,1.0,0.4164713205375672,0.06643743077326889,0.2356848466842357,True
SHORT,15,position_plus_topology_compact_matrix,hold,SOLUSDT,3,0.4000000000000001,0.02041241452319317,0.37500000000000006,0.4250000000000001,0.050000000000000044,0.3333333333333333,1.0,0.3754300810737516,0.008326863995981716,0.362434762202116,True
SHORT,30,position_plus_topology,exit,ALL,3,0.41666666666666674,0.031180478223116207,0.37500000000000006,0.4500000000000001,0.07500000000000007,0.0,0.0,0.4558156795644373,0.01038845157557242,0.12978529839883554,True
SHORT,30,position_plus_topology,exit,BTCUSDT,3,0.41666666666666674,0.023570226039551605,0.4000000000000001,0.4500000000000001,0.050000000000000044,0.3333333333333333,1.0,0.42299376530338034,0.025442344453038786,0.1013995843783078,True
SHORT,30,position_plus_topology,exit,ETHUSDT,3,0.4000000000000001,0.02041241452319317,0.37500000000000006,0.4250000000000001,0.050000000000000044,0.0,1.0,0.45365274559853014,0.021707192146876747,0.2001668384647108,True
SHORT,30,position_plus_topology,exit,SOLUSDT,3,0.40833333333333344,0.031180478223116207,0.37500000000000006,0.4500000000000001,0.07500000000000007,0.0,1.0,0.42517751366654144,0.015665981980027666,0.2097582629497523,True
SHORT,30,position_plus_topology,hold,ALL,3,0.40833333333333344,0.058925565098879015,0.325,0.4500000000000001,0.1250000000000001,0.0,0.0,0.4239173045402258,0.028839566087619697,0.3218340611353712,False
SHORT,30,position_plus_topology,hold,BTCUSDT,3,0.4250000000000001,0.02041241452319317,0.4000000000000001,0.4500000000000001,0.050000000000000044,0.0,1.0,0.3517889417869357,0.05629836498818191,0.21985471559939643,True
SHORT,30,position_plus_topology,hold,ETHUSDT,3,0.37500000000000006,0.03535533905932741,0.325,0.4000000000000001,0.07500000000000007,0.0,1.0,0.428433958497945,0.027927686349830113,0.4824036355951249,True
SHORT,30,position_plus_topology,hold,SOLUSDT,3,0.3916666666666668,0.06561673228343182,0.3,0.4500000000000001,0.15000000000000013,0.0,1.0,0.4484286358323745,0.04175400655050918,0.4480817374434396,False
SHORT,30,position_plus_topology_compact_matrix,exit,ALL,3,0.3916666666666668,0.011785113019775804,0.37500000000000006,0.4000000000000001,0.025000000000000022,0.0,0.0,0.4474603493550495,0.016891527022868287,0.17485443959243085,True
SHORT,30,position_plus_topology_compact_matrix,exit,BTCUSDT,3,0.4250000000000001,0.03535533905932741,0.37500000000000006,0.4500000000000001,0.07500000000000007,0.0,1.0,0.4293512909560615,0.02283548686221735,0.05638840745223724,True
SHORT,30,position_plus_topology_compact_matrix,exit,ETHUSDT,3,0.38333333333333336,0.011785113019775802,0.37500000000000006,0.4000000000000001,0.025000000000000022,0.0,1.0,0.46656880020267993,0.023165086223928082,0.17370533753512477,True
SHORT,30,position_plus_topology_compact_matrix,exit,SOLUSDT,3,0.38333333333333336,0.011785113019775802,0.37500000000000006,0.4000000000000001,0.025000000000000022,0.0,1.0,0.454693833569027,0.016221575566725047,0.2505601420495038,True
SHORT,30,position_plus_topology_compact_matrix,hold,ALL,3,0.37500000000000006,0.054006172486732215,0.3,0.4250000000000001,0.1250000000000001,0.0,0.0,0.41469760227588015,0.02028074664898012,0.42419941775836967,False
SHORT,30,position_plus_topology_compact_matrix,hold,BTCUSDT,3,0.40833333333333344,0.011785113019775802,0.4000000000000001,0.4250000000000001,0.025000000000000022,0.3333333333333333,1.0,0.39354413702239793,0.0217070337041543,0.23131398025015046,True
SHORT,30,position_plus_topology_compact_matrix,hold,ETHUSDT,3,0.37500000000000006,0.054006172486732215,0.3,0.4250000000000001,0.1250000000000001,0.0,1.0,0.43208587015007427,0.029680362889156823,0.4063827553189256,False
SHORT,30,position_plus_topology_compact_matrix,hold,SOLUSDT,3,0.4000000000000001,0.07359800721939878,0.3,0.47500000000000014,0.17500000000000016,0.0,1.0,0.4472479642474245,0.053554064488745085,0.41718981293449375,False
SHORT,60,position_plus_topology,exit,ALL,3,0.4000000000000001,0.03535533905932741,0.35000000000000003,0.4250000000000001,0.07500000000000007,0.0,0.0,0.45002222101484896,0.016709828061062314,0.6165666484815421,True
SHORT,60,position_plus_topology,exit,BTCUSDT,3,0.4333333333333334,0.023570226039551605,0.4000000000000001,0.4500000000000001,0.050000000000000044,0.0,1.0,0.5010185088506746,0.04923235438805775,0.20681942171303871,True
SHORT,60,position_plus_topology,exit,ETHUSDT,3,0.38333333333333336,0.058925565098879015,0.3,0.4250000000000001,0.1250000000000001,0.0,1.0,0.4478487560209452,0.020484318604218045,0.610201854882706,False
SHORT,60,position_plus_topology,exit,SOLUSDT,3,0.3,0.0,0.3,0.3,0.0,0.0,1.0,0.4476268412438625,0.014470035144435161,1.0,True
SHORT,60,position_plus_topology,hold,ALL,3,0.3,0.0,0.3,0.3,0.0,0.0,0.0,0.45556989994167457,0.016149010578767272,0.965139116202946,True
SHORT,60,position_plus_topology,hold,BTCUSDT,3,0.3583333333333334,0.08249579113843061,0.3,0.47500000000000014,0.17500000000000016,0.0,1.0,0.4652144241948755,0.025589071094434195,0.6763229678123294,False
SHORT,60,position_plus_topology,hold,ETHUSDT,3,0.3,0.0,0.3,0.3,0.0,0.0,1.0,0.4597561135592856,0.021373748737150387,0.9567921440261866,True
SHORT,60,position_plus_topology,hold,SOLUSDT,3,0.30833333333333335,0.011785113019775804,0.3,0.325,0.025000000000000022,0.0,1.0,0.4664264304568248,0.01155619000823929,0.9970540098199673,True
SHORT,60,position_plus_topology_compact_matrix,exit,ALL,3,0.40833333333333344,0.031180478223116207,0.37500000000000006,0.4500000000000001,0.07500000000000007,0.0,0.0,0.45033629815367754,0.015811144213325766,0.5411347517730497,True
SHORT,60,position_plus_topology_compact_matrix,exit,BTCUSDT,3,0.4333333333333334,0.031180478223116207,0.4000000000000001,0.47500000000000014,0.07500000000000007,0.6666666666666666,1.0,0.4889253244697464,0.06281556035691706,0.2916530278232406,True
SHORT,60,position_plus_topology_compact_matrix,exit,ETHUSDT,3,0.38333333333333336,0.062360956446232414,0.3,0.4500000000000001,0.15000000000000013,0.0,1.0,0.4634585160074243,0.021900388249108255,0.5184397163120568,False
SHORT,60,position_plus_topology_compact_matrix,exit,SOLUSDT,3,0.3,0.0,0.3,0.3,0.0,0.0,1.0,0.4476268412438625,0.014470035144435161,1.0,True
SHORT,60,position_plus_topology_compact_matrix,hold,ALL,3,0.3,0.0,0.3,0.3,0.0,0.0,0.0,0.45646908615600434,0.015180100185829043,0.962156755773777,True
SHORT,60,position_plus_topology_compact_matrix,hold,BTCUSDT,3,0.3333333333333333,0.04714045207910321,0.3,0.4000000000000001,0.10000000000000009,0.0,1.0,0.45082328072224076,0.009339080491499948,0.8677577741407528,True
SHORT,60,position_plus_topology_compact_matrix,hold,ETHUSDT,3,0.34166666666666673,0.031180478223116207,0.3,0.37500000000000006,0.07500000000000007,0.0,1.0,0.46079737192641507,0.021508124162909807,0.9501363884342607,True
SHORT,60,position_plus_topology_compact_matrix,hold,SOLUSDT,3,0.3,0.0,0.3,0.3,0.0,0.0,1.0,0.4668412730981683,0.01117359487951542,0.9978177850518275,True
