scope,symbol,alignment_state,count,1h.valid,1h.mean_return_bps,1h.median_return_bps,1h.positive_return_rate,1h.mfe_long_median_bps,1h.mae_long_median_bps,1h.long_stop_hit_rate,1h.long_take_hit_rate,1h.short_stop_hit_rate,1h.short_take_hit_rate,2h.valid,2h.mean_return_bps,2h.median_return_bps,2h.positive_return_rate,2h.mfe_long_median_bps,2h.mae_long_median_bps,2h.long_stop_hit_rate,2h.long_take_hit_rate,2h.short_stop_hit_rate,2h.short_take_hit_rate,4h.valid,4h.mean_return_bps,4h.median_return_bps,4h.positive_return_rate,4h.mfe_long_median_bps,4h.mae_long_median_bps,4h.long_stop_hit_rate,4h.long_take_hit_rate,4h.short_stop_hit_rate,4h.short_take_hit_rate
ALL,ALL,BEAR_MATRIX__BEAR_TOPOLOGY,563,563,-1.267896191465639,0.8569760528764903,0.5062166962699822,26.839949145358588,-31.71892155666822,0.325044404973357,0.24866785079928952,0.24866785079928952,0.325044404973357,563,-1.1251731121302098,6.868131868131844,0.5488454706927176,40.21378042614154,-44.26896386695467,0.4422735346358792,0.3978685612788632,0.3978685612788632,0.4422735346358792,563,-4.795814434162768,1.1859582542705915,0.5062166962699822,57.397044052232005,-61.53846153846176,0.5808170515097691,0.5488454706927176,0.5488454706927176,0.5808170515097691
ALL,ALL,BEAR_MATRIX__BULL_TOPOLOGY,1175,1175,1.0831558986300085,2.234949947128584,0.5285106382978724,22.23005744556472,-22.773929762389677,0.23914893617021277,0.2076595744680851,0.2076595744680851,0.23914893617021277,1175,0.3523534340279566,0.9820635905821717,0.5131914893617021,31.40330372548572,-33.52477436168178,0.3727659574468085,0.32340425531914896,0.32340425531914896,0.3727659574468085,1175,-1.6137585566866324,-0.09333246222986702,0.4978723404255319,44.41033022335894,-52.3607303990492,0.5191489361702127,0.454468085106383,0.454468085106383,0.5191489361702127
ALL,ALL,BEAR_MATRIX__NEUTRAL_TOPOLOGY,2741,2740,-0.7445825723445221,0.0,0.49616928128420285,25.396730052240635,-27.767230454031623,0.27883211678832115,0.23065693430656933,0.23065693430656933,0.27883211678832115,2740,-1.7148185747613416,1.159555008150015,0.5049252097774535,35.763585904117214,-41.13364113884744,0.41751824817518246,0.3613138686131387,0.3613138686131387,0.41751824817518246,2740,-1.7374895819844618,-0.530212736554736,0.4950747902225465,53.0867853858108,-59.57681273459636,0.5667883211678832,0.5215328467153285,0.5215328467153285,0.5667883211678832
ALL,ALL,BULL_MATRIX__BEAR_TOPOLOGY,580,580,-0.6433092502671747,-2.7588275888246194,0.4724137931034483,24.375396041539375,-27.53413315334741,0.27413793103448275,0.2413793103448276,0.2413793103448276,0.27413793103448275,580,-2.3698426986627847,-2.802740503005108,0.46551724137931033,38.21037216251821,-41.491408259558554,0.41724137931034483,0.3724137931034483,0.3724137931034483,0.41724137931034483,580,-3.6208740605135197,-5.413969321647616,0.4672413793103448,52.401542089974825,-62.64510139762314,0.5827586206896552,0.5224137931034483,0.5224137931034483,0.5827586206896552
ALL,ALL,BULL_MATRIX__BULL_TOPOLOGY,1310,1310,-0.534136313482657,-0.31907481058079945,0.4954198473282443,20.24836124656759,-20.766889175624637,0.17862595419847327,0.1732824427480916,0.1732824427480916,0.17862595419847327,1310,-0.9487124233845872,-0.29790948122387917,0.4946564885496183,29.341027262672625,-29.51078311799582,0.30305343511450383,0.2916030534351145,0.2916030534351145,0.30305343511450383,1310,-0.06333654922394208,0.0,0.49923664122137407,42.87153608670713,-43.53854202425511,0.44732824427480916,0.4381679389312977,0.4381679389312977,0.44732824427480916
ALL,ALL,BULL_MATRIX__NEUTRAL_TOPOLOGY,2850,2848,0.6404388431088809,-0.17869394833447405,0.4926315789473684,24.356910776481833,-24.520940990260808,0.22226123595505617,0.23174157303370788,0.23174157303370788,0.22226123595505617,2848,1.922667582110394,-1.1655011655009595,0.48771929824561405,35.20591535093098,-36.5851824727298,0.3616573033707865,0.3732443820224719,0.3732443820224719,0.3616573033707865,2848,2.314896691914052,-0.8772684776697792,0.49157894736842106,52.410016488319,-52.64389619027699,0.523876404494382,0.5154494382022472,0.5154494382022472,0.523876404494382
ALL,ALL,NEUTRAL_MATRIX__BEAR_TOPOLOGY,10,10,-13.735108665281604,-21.31509505897411,0.4,48.46308860736559,-55.90437911554835,0.7,0.4,0.4,0.7,10,-1.3114070763663421,-3.020125739351953,0.5,56.106168817608996,-66.89917119697186,0.7,0.6,0.6,0.7,10,30.280033643418573,85.89553622921464,0.6,184.03302861747517,-101.86011883554613,0.8,0.8,0.8,0.8
ALL,ALL,NEUTRAL_MATRIX__BULL_TOPOLOGY,18,18,7.580608496713443,-24.27866234956777,0.4444444444444444,37.55669601286593,-46.191858761714386,0.4444444444444444,0.3888888888888889,0.3888888888888889,0.4444444444444444,18,-13.869137965673202,-16.4090460714944,0.2777777777777778,37.55669601286593,-60.30965034580559,0.6111111111111112,0.3888888888888889,0.3888888888888889,0.6111111111111112,18,-0.49981786868559336,-16.923146486128026,0.4444444444444444,49.44007734152378,-90.32474670344793,0.7222222222222222,0.5,0.5,0.7222222222222222
ALL,ALL,NEUTRAL_MATRIX__NEUTRAL_TOPOLOGY,89,89,2.82857227609928,2.2976249038975105,0.5056179775280899,41.118301285008044,-29.952764926622912,0.33707865168539325,0.43820224719101125,0.43820224719101125,0.33707865168539325,89,11.810128141137291,14.270424545128613,0.5393258426966292,73.44996045911768,-41.28433567055501,0.4606741573033708,0.6067415730337079,0.6067415730337079,0.4606741573033708,89,12.998781196614772,27.38747320790491,0.651685393258427,103.25369191979794,-58.98273282716193,0.5730337078651685,0.7303370786516854,0.7303370786516854,0.5730337078651685
SYMBOL,BTCUSDT,BEAR_MATRIX__BEAR_TOPOLOGY,56,56,4.175018242900913,-0.31623500074129396,0.5,23.097494003379015,-24.193477679370634,0.17857142857142858,0.19642857142857142,0.19642857142857142,0.17857142857142858,56,2.468648740560868,8.614420988048987,0.5178571428571429,39.837057812228686,-27.32712606316412,0.3392857142857143,0.375,0.375,0.3392857142857143,56,9.192801003162161,3.5569288403625166,0.5178571428571429,55.04630824555989,-51.8373728211996,0.5178571428571429,0.5357142857142857,0.5357142857142857,0.5178571428571429
SYMBOL,BTCUSDT,BEAR_MATRIX__BULL_TOPOLOGY,669,669,-0.27132708071966727,1.2218071956504595,0.523168908819133,18.371329822610694,-21.784817980091688,0.21524663677130046,0.15844544095665172,0.15844544095665172,0.21524663677130046,669,0.6983269978768453,1.5341457000084269,0.5276532137518685,26.046761202622726,-29.394473838918465,0.33482810164424515,0.26307922272047835,0.26307922272047835,0.33482810164424515,669,-0.8435008048049414,0.11704472111739861,0.5007473841554559,39.380541663647236,-47.381015687316676,0.47832585949177875,0.3991031390134529,0.3991031390134529,0.47832585949177875
SYMBOL,BTCUSDT,BEAR_MATRIX__NEUTRAL_TOPOLOGY,694,694,-0.5111208385639089,-0.40040603519253537,0.49279538904899134,20.422579035841437,-23.39032847708422,0.20893371757925072,0.1829971181556196,0.1829971181556196,0.20893371757925072,694,-2.346305641790389,-2.886815747460414,0.4769452449567723,30.212378961796958,-35.09354132328335,0.35014409221902015,0.29250720461095103,0.29250720461095103,0.35014409221902015,694,-3.403697613055166,-2.150969760645882,0.484149855907781,44.419118885131724,-51.24090025255934,0.5129682997118156,0.46397694524495675,0.46397694524495675,0.5129682997118156
SYMBOL,BTCUSDT,BULL_MATRIX__BEAR_TOPOLOGY,74,74,-2.139003955456798,-4.396589863515654,0.40540540540540543,17.460074512481995,-23.119525125838702,0.16216216216216217,0.13513513513513514,0.13513513513513514,0.16216216216216217,74,1.6936418049188038,-5.037328097997618,0.4594594594594595,25.799420297639706,-31.746329726966003,0.32432432432432434,0.22972972972972974,0.22972972972972974,0.32432432432432434,74,-11.809522442700194,-8.42963360683402,0.43243243243243246,37.517717977625374,-48.49828606816264,0.4864864864864865,0.36486486486486486,0.36486486486486486,0.4864864864864865
SYMBOL,BTCUSDT,BULL_MATRIX__BULL_TOPOLOGY,760,760,0.46994005423875723,-0.25534145398242725,0.4986842105263158,17.110378771284516,-16.262000851599566,0.10921052631578948,0.11973684210526316,0.11973684210526316,0.10921052631578948,760,-0.6320837488566536,-0.5540064400405553,0.4934210526315789,25.73451697571505,-24.21631918961109,0.22894736842105262,0.2355263157894737,0.2355263157894737,0.22894736842105262,760,0.6331589069353799,1.3997366346085727,0.5118421052631579,37.77683531632215,-33.97136181327254,0.37105263157894736,0.3881578947368421,0.3881578947368421,0.37105263157894736
SYMBOL,BTCUSDT,BULL_MATRIX__NEUTRAL_TOPOLOGY,820,819,0.06418876184493472,-0.5016514895095359,0.4878048780487805,20.27109537183991,-19.986951194284064,0.16361416361416362,0.15995115995115994,0.15995115995115994,0.16361416361416362,819,1.3658750129282256,0.6126811756179684,0.5036585365853659,28.351352326434487,-27.41139021126937,0.27594627594627597,0.29914529914529914,0.29914529914529914,0.27594627594627597,819,2.5171747815770926,0.5978084596258704,0.5024390243902439,42.522941708673656,-41.50291608843837,0.4163614163614164,0.43101343101343104,0.43101343101343104,0.4163614163614164
SYMBOL,BTCUSDT,NEUTRAL_MATRIX__BULL_TOPOLOGY,9,9,-11.221573881718097,-24.810006801313513,0.3333333333333333,28.801196380121574,-44.366369320206765,0.4444444444444444,0.3333333333333333,0.3333333333333333,0.4444444444444444,9,-11.578065050581456,-14.235336939816268,0.3333333333333333,28.801196380121574,-64.5864849927913,0.5555555555555556,0.3333333333333333,0.3333333333333333,0.5555555555555556,9,-22.73874839655293,-48.32217145356643,0.3333333333333333,42.60285620393933,-90.07271195874634,0.7777777777777778,0.4444444444444444,0.4444444444444444,0.7777777777777778
SYMBOL,BTCUSDT,NEUTRAL_MATRIX__NEUTRAL_TOPOLOGY,30,30,5.771101893176976,4.1591125438178445,0.5666666666666667,33.31151185753778,-23.851042655606,0.3,0.36666666666666664,0.36666666666666664,0.3,30,11.106104742763266,9.449874403998916,0.5,71.11520213105571,-38.60038606096295,0.36666666666666664,0.5666666666666667,0.5666666666666667,0.36666666666666664,30,20.161119744410886,23.341437644488483,0.7,95.51085199779874,-41.49663069032861,0.4666666666666667,0.7333333333333333,0.7333333333333333,0.4666666666666667
SYMBOL,ETHUSDT,BEAR_MATRIX__BEAR_TOPOLOGY,167,167,-1.1190809677593485,-1.1675491392248993,0.47904191616766467,24.107186122013236,-29.311281931826414,0.2754491017964072,0.2215568862275449,0.2215568862275449,0.2754491017964072,167,6.053687713191983,2.8753376164880606,0.5508982035928144,39.635142445488825,-37.72698114286155,0.41317365269461076,0.38323353293413176,0.38323353293413176,0.41317365269461076,167,8.45092388291558,6.520866773676026,0.5269461077844312,56.928688123230046,-53.3274892249247,0.5449101796407185,0.5329341317365269,0.5329341317365269,0.5449101796407185
SYMBOL,ETHUSDT,BEAR_MATRIX__BULL_TOPOLOGY,313,313,8.29411226086122,6.971761531746612,0.5559105431309904,26.94111718416936,-22.641743060437534,0.23322683706070288,0.24920127795527156,0.24920127795527156,0.23322683706070288,313,6.716380832508846,2.740211802252368,0.5175718849840255,38.15574720942516,-35.11156416355243,0.3769968051118211,0.3769968051118211,0.3769968051118211,0.3769968051118211,313,4.611022652596738,3.6479145153323067,0.5239616613418531,51.11194741771019,-53.384851048262625,0.5239616613418531,0.5079872204472844,0.5079872204472844,0.5239616613418531
SYMBOL,ETHUSDT,BEAR_MATRIX__NEUTRAL_TOPOLOGY,1048,1048,-2.654928384027064,-1.1776628913751086,0.48950381679389315,25.366007979436,-29.406774757339548,0.29961832061068705,0.22805343511450382,0.22805343511450382,0.29961832061068705,1048,-4.176237481973998,0.6553554520005722,0.5047709923664122,35.5664679452361,-43.341605020070226,0.44179389312977096,0.3606870229007634,0.3606870229007634,0.44179389312977096,1048,-4.749585424179371,0.8990760417793009,0.5019083969465649,53.094691356522226,-64.02500636088936,0.5925572519083969,0.5229007633587787,0.5229007633587787,0.5925572519083969
SYMBOL,ETHUSDT,BULL_MATRIX__BEAR_TOPOLOGY,187,187,0.47420999071875836,-1.5559493452033113,0.4919786096256685,22.46103697667312,-25.49252400094071,0.21390374331550802,0.22459893048128343,0.22459893048128343,0.21390374331550802,187,-4.038624105572695,-5.962870483258165,0.42780748663101603,36.19019029035498,-36.67700381679406,0.3582887700534759,0.35294117647058826,0.35294117647058826,0.3582887700534759,187,-6.9791781795146886,-6.439901456540831,0.45989304812834225,48.32962138084484,-55.69345916862978,0.5240641711229946,0.48128342245989303,0.48128342245989303,0.5240641711229946
SYMBOL,ETHUSDT,BULL_MATRIX__BULL_TOPOLOGY,337,337,-5.120114699572689,-1.1119759813182917,0.47477744807121663,21.411330398977135,-25.768714917292492,0.24925816023738873,0.18694362017804153,0.18694362017804153,0.24925816023738873,337,-5.121397232045838,-0.3844358404037074,0.49851632047477745,32.9936419977428,-38.72019563888496,0.39762611275964393,0.314540059347181,0.314540059347181,0.39762611275964393,337,-5.390388200431642,-2.331445150594025,0.4836795252225519,46.40890884373583,-52.521008403362266,0.5222551928783383,0.47774480712166173,0.47774480712166173,0.5222551928783383
SYMBOL,ETHUSDT,BULL_MATRIX__NEUTRAL_TOPOLOGY,1021,1020,1.7203076615026787,0.47257126876143474,0.5073457394711067,24.689720338135768,-24.067438437608835,0.2196078431372549,0.24215686274509804,0.24215686274509804,0.2196078431372549,1020,2.968429208591057,-1.025194951101982,0.49069539666993145,36.64917769716336,-35.10165964991763,0.346078431372549,0.38529411764705884,0.38529411764705884,0.346078431372549,1020,3.472297036154876,0.1319352147977071,0.5004897159647405,54.81699047410915,-52.44641154827645,0.5235294117647059,0.5284313725490196,0.5284313725490196,0.5235294117647059
SYMBOL,ETHUSDT,NEUTRAL_MATRIX__BEAR_TOPOLOGY,2,2,-85.54417491993703,-85.54417491993703,0.0,43.012066106155046,-141.24697129255958,1.0,0.5,0.5,1.0,2,-104.22981412659183,-104.22981412659183,0.0,43.012066106155046,-156.91677030191752,1.0,0.5,0.5,1.0,2,-43.62419022045815,-43.62419022045815,0.5,122.60287965828786,-213.11943950421352,1.0,0.5,0.5,1.0
SYMBOL,ETHUSDT,NEUTRAL_MATRIX__BULL_TOPOLOGY,5,5,11.743801221513417,-29.091155514251454,0.4,26.622521685253364,-48.017348203222014,0.4,0.4,0.4,0.4,5,13.46012973884658,-12.246359975217613,0.2,26.622521685253364,-58.956784386619,0.8,0.4,0.4,0.8,5,79.46152650886518,3.297974453004837,0.6,86.92869976126616,-95.5428121385138,0.8,0.6,0.6,0.8
SYMBOL,ETHUSDT,NEUTRAL_MATRIX__NEUTRAL_TOPOLOGY,32,32,12.60299245626685,13.867239475165993,0.5625,51.61631091778251,-30.51384637669352,0.28125,0.5,0.5,0.28125,32,26.198579713561443,33.359961331854706,0.5625,85.2685882215487,-36.6666095971041,0.46875,0.625,0.625,0.46875,32,31.92504878046787,58.27419452448912,0.6875,136.45749724508715,-64.43644103176993,0.5625,0.75,0.75,0.5625
SYMBOL,SOLUSDT,BEAR_MATRIX__BEAR_TOPOLOGY,340,340,-2.2374707522993966,2.2655432518281504,0.5205882352941177,29.401896951670725,-35.97469612619142,0.3735294117647059,0.27058823529411763,0.27058823529411763,0.3735294117647059,340,-5.243184234422874,7.740054000654473,0.5529411764705883,40.907573460212674,-46.5005204767388,0.47352941176470587,0.4088235294117647,0.4088235294117647,0.47352941176470587,340,-13.60630785605183,-1.8203453834625405,0.49411764705882355,57.72888947697341,-67.30232118893787,0.6088235294117647,0.5588235294117647,0.5588235294117647,0.6088235294117647
SYMBOL,SOLUSDT,BEAR_MATRIX__BULL_TOPOLOGY,193,193,-5.916223522061373,1.1807769512350852,0.5025906735751295,29.351710056151337,-28.575316369573443,0.3316062176165803,0.31088082901554404,0.31088082901554404,0.3316062176165803,193,-11.167837705554556,-7.028230057397611,0.45595854922279794,38.2912528419288,-49.67288587351737,0.49740932642487046,0.44559585492227977,0.44559585492227977,0.49740932642487046,193,-14.378830859870803,-7.7439339184304234,0.44559585492227977,58.350765165693375,-72.47237733159051,0.6528497409326425,0.5595854922279793,0.5595854922279793,0.6528497409326425
SYMBOL,SOLUSDT,BEAR_MATRIX__NEUTRAL_TOPOLOGY,999,998,1.099124809819364,1.262008209583776,0.5055055055055055,29.085592556981066,-30.219310416759736,0.30561122244488975,0.2665330661322645,0.2665330661322645,0.30561122244488975,998,1.309048198061326,3.140630512693532,0.5245245245245245,41.100115387761036,-42.47157907793175,0.43887775551102204,0.40981963927855714,0.40981963927855714,0.43887775551102204,998,2.58417857050385,0.0,0.4954954954954955,58.64351320622796,-64.17891554239941,0.5771543086172345,0.5601202404809619,0.5601202404809619,0.5771543086172345
SYMBOL,SOLUSDT,BULL_MATRIX__BEAR_TOPOLOGY,319,319,-0.9514430743434672,-2.7144408251911223,0.47648902821316613,28.49939712813665,-33.788349776996405,0.335423197492163,0.27586206896551724,0.27586206896551724,0.335423197492163,319,-2.334218028358346,-1.1910433539774612,0.4890282131661442,42.684372776855554,-46.423044875609776,0.47335423197492166,0.4169278996865204,0.4169278996865204,0.47335423197492166,319,0.24734804147718076,-3.5855145213337103,0.47962382445141066,58.34027860459612,-68.97401157778037,0.6394984326018809,0.5830721003134797,0.5830721003134797,0.6394984326018809
SYMBOL,SOLUSDT,BULL_MATRIX__BULL_TOPOLOGY,213,213,3.1389936238134255,1.3257324671878123,0.5164319248826291,29.70163358984923,-31.53100548872967,0.3145539906103286,0.3427230046948357,0.3427230046948357,0.3145539906103286,213,4.523386111252086,0.0,0.49295774647887325,40.22918444471557,-43.5540069686402,0.41784037558685444,0.45539906103286387,0.45539906103286387,0.41784037558685444,213,5.879761383996288,-4.009087264466027,0.4788732394366197,63.003663003664556,-70.12622720897532,0.6009389671361502,0.5539906103286385,0.5539906103286385,0.6009389671361502
SYMBOL,SOLUSDT,BULL_MATRIX__NEUTRAL_TOPOLOGY,1009,1009,0.01653658522334784,-1.160900859067393,0.48166501486620417,28.409090909089496,-29.737766964044177,0.27254707631318137,0.2794846382556987,0.2794846382556987,0.27254707631318137,1009,1.3174507884036741,-2.7144408251911223,0.4717542120911794,41.77897574124012,-44.39252336448596,0.44697720515361744,0.42120911793855303,0.42120911793855303,0.44697720515361744,1009,0.9806904416071429,-2.9424746211559327,0.47373637264618434,58.10575246949501,-63.41924166779145,0.6114965312190287,0.5708622398414271,0.5708622398414271,0.6114965312190287
SYMBOL,SOLUSDT,NEUTRAL_MATRIX__BEAR_TOPOLOGY,8,8,4.217157898382257,4.090601478006772,0.5,48.46308860736559,-51.267983003487345,0.625,0.375,0.375,0.625,8,24.41819468619002,6.616201007106914,0.625,56.106168817608996,-51.267983003487345,0.625,0.625,0.625,0.625,8,48.75608960938776,103.74697209132421,0.625,184.03302861747517,-80.36706781749558,0.75,0.875,0.875,0.75
SYMBOL,SOLUSDT,NEUTRAL_MATRIX__BULL_TOPOLOGY,4,4,44.681527942184445,74.01282445891556,0.75,101.81695700394621,-38.69289337262271,0.5,0.5,0.5,0.5,4,-53.18563665527937,-19.370827382210187,0.25,135.88534154309272,-54.98883991661929,0.5,0.5,0.5,0.5,4,-50.41390465292257,-64.51002755950397,0.5,138.640839593297,-139.77479983598386,0.5,0.5,0.5,0.5
SYMBOL,SOLUSDT,NEUTRAL_MATRIX__NEUTRAL_TOPOLOGY,27,27,-12.025403067518983,-16.720410844380808,0.37037037037037035,37.09465119061895,-42.87756074321081,0.4444444444444444,0.4444444444444444,0.4444444444444444,0.4444444444444444,27,-4.460603279838722,13.09835675160853,0.5555555555555556,66.59531454394019,-54.468927952463496,0.5555555555555556,0.6296296296296297,0.6296296296296297,0.5555555555555556,27,-17.39050469661422,15.732784702893188,0.5555555555555556,103.25369191979794,-76.10893090736148,0.7037037037037037,0.7037037037037037,0.7037037037037037,0.7037037037037037
