entry_timeframe,alignment,window_minutes,events,mean_mfe_bps,median_mfe_bps,q25_mfe_bps,q75_mfe_bps,q90_mfe_bps,mean_mae_bps,median_mae_bps,q10_mae_bps,mean_terminal_return_bps,median_terminal_return_bps,terminal_win_rate,terminal_loss_rate,mean_time_to_mfe_minutes,median_time_to_mfe_minutes,target_25bps_hit_rate,target_25bps_median_hit_minutes,target_50bps_hit_rate,target_50bps_median_hit_minutes,target_100bps_hit_rate,target_100bps_median_hit_minutes,t25_s25_target_first_rate,t25_s25_stop_first_rate,t25_s25_resolved_events,t25_s25_resolved_target_win_rate,t50_s25_target_first_rate,t50_s25_stop_first_rate,t50_s25_resolved_events,t50_s25_resolved_target_win_rate,t50_s50_target_first_rate,t50_s50_stop_first_rate,t50_s50_resolved_events,t50_s50_resolved_target_win_rate,t100_s50_target_first_rate,t100_s50_stop_first_rate,t100_s50_resolved_events,t100_s50_resolved_target_win_rate,t100_s100_target_first_rate,t100_s100_stop_first_rate,t100_s100_resolved_events,t100_s100_resolved_target_win_rate
15m,DAILY_4H,15,904,26.604182266717583,14.372713646898516,5.91827027619285,35.902920550825996,62.1377096590965,-22.770348621668255,-15.269214756822858,-51.27902756555091,1.576925064889697,-1.2755700103234124,0.4723451327433628,0.5210176991150443,6.728982300884955,6.0,0.34845132743362833,5.0,0.15597345132743362,7.0,0.03650442477876106,6.0,0.2975663716814159,0.2577433628318584,502,0.5358565737051793,0.12942477876106195,0.28982300884955753,379,0.3087071240105541,0.1504424778761062,0.09955752212389381,226,0.6017699115044248,0.034292035398230086,0.10619469026548672,127,0.2440944881889764,0.03650442477876106,0.016592920353982302,48,0.6875
15m,DAILY_4H,30,904,37.97468096889115,21.520313164540283,9.041534806308317,47.935693368275636,90.7698572711635,-32.207843396082154,-21.093840840519796,-77.2416349005881,1.4734907832661577,-2.217518621963066,0.47013274336283184,0.5265486725663717,13.525442477876107,13.0,0.4690265486725664,7.0,0.24004424778761063,10.0,0.08075221238938053,16.0,0.37831858407079644,0.34845132743362833,657,0.5205479452054794,0.18141592920353983,0.3993362831858407,525,0.31238095238095237,0.2245575221238938,0.1570796460176991,345,0.5884057971014492,0.07632743362831858,0.18030973451327434,232,0.2974137931034483,0.08075221238938053,0.048672566371681415,117,0.6239316239316239
15m,DAILY_4H,60,904,51.60553685146265,32.99054595527484,11.749518556587457,67.10634146343929,121.31079457675736,-46.611987962149165,-30.964267228315578,-112.76368022883874,-3.1163088015021767,-5.241948345256486,0.4502212389380531,0.5464601769911505,25.759955752212388,22.0,0.5707964601769911,10.0,0.3495575221238938,17.0,0.14601769911504425,26.0,0.4269911504424779,0.42035398230088494,766,0.5039164490861618,0.24225663716814158,0.5077433628318584,678,0.3230088495575221,0.31305309734513276,0.25663716814159293,515,0.5495145631067961,0.13274336283185842,0.2942477876106195,386,0.31088082901554404,0.14380530973451328,0.10398230088495575,224,0.5803571428571429
15m,DAILY_4H,120,904,72.62739515787868,44.222392206109134,16.14842248451154,96.81213389865162,175.53440445318284,-67.04233702611431,-45.392771413231834,-150.8264434465637,1.5552076203449374,-6.219133524316689,0.44579646017699115,0.5519911504424779,52.23119469026549,43.0,0.661504424778761,13.0,0.4657079646017699,29.0,0.24446902654867256,48.0,0.4657079646017699,0.46349557522123896,840,0.5011904761904762,0.29646017699115046,0.577433628318584,790,0.3392405063291139,0.39601769911504425,0.36172566371681414,685,0.5226277372262774,0.19800884955752213,0.4314159292035398,569,0.3145869947275923,0.2323008849557522,0.18805309734513273,380,0.5526315789473685
15m,DAILY_4H,240,904,104.41215913374269,66.87893366669306,24.764071451487403,133.55201253942127,250.50303605872023,-92.91868309662357,-64.2973675409464,-200.26626621991218,3.7939499143207693,-3.4774753196320507,0.4756637168141593,0.5221238938053098,106.74225663716814,99.5,0.7466814159292036,18.0,0.5907079646017699,41.5,0.3672566371681416,86.5,0.4889380530973451,0.48672566371681414,882,0.5011337868480725,0.3274336283185841,0.620575221238938,857,0.3453908984830805,0.45685840707964603,0.41814159292035397,791,0.5221238938053098,0.2665929203539823,0.5254424778761062,716,0.3365921787709497,0.32853982300884954,0.290929203539823,560,0.5303571428571429
15m,DAILY_4H_1H,15,446,31.539725378458353,19.39497925376843,7.169968046055741,40.96203386276143,72.71782701493201,-25.225322351502975,-15.634933935142481,-57.98297333662661,1.9806333976083057,-0.9820203719224097,0.4820627802690583,0.5134529147982063,6.948430493273543,6.0,0.4327354260089686,5.0,0.18834080717488788,7.5,0.04484304932735426,7.0,0.3542600896860987,0.2645739910313901,276,0.572463768115942,0.14798206278026907,0.31614349775784756,207,0.3188405797101449,0.17713004484304934,0.11883408071748879,132,0.5984848484848485,0.04035874439461883,0.13228699551569506,77,0.23376623376623376,0.04484304932735426,0.026905829596412557,32,0.625
15m,DAILY_4H_1H,30,446,43.748573474003265,28.681056001009786,10.300698538256437,56.916739331108744,95.64921272087523,-37.24832695902471,-22.163197756477903,-93.51101506852422,0.39994936256384706,-1.4357661164809965,0.4798206278026906,0.515695067264574,13.522421524663677,12.0,0.547085201793722,7.0,0.29596412556053814,11.5,0.09417040358744394,17.0,0.4349775784753363,0.33856502242152464,345,0.5623188405797102,0.21973094170403587,0.4103139013452915,281,0.3487544483985765,0.2757847533632287,0.1905829596412556,208,0.5913461538461539,0.08520179372197309,0.23094170403587444,141,0.2695035460992908,0.09417040358744394,0.07399103139013453,75,0.56
15m,DAILY_4H_1H,60,446,58.49776161828783,39.58463780099341,12.996980625151199,78.25939148069283,130.80431388892254,-52.51622110258153,-32.212217869085904,-123.67641885110802,-5.341213454895342,-6.88490169675593,0.4484304932735426,0.5493273542600897,24.80269058295964,22.0,0.6345291479820628,8.0,0.4013452914798206,16.0,0.1681614349775785,26.0,0.47757847533632286,0.40358744394618834,393,0.5419847328244275,0.27802690582959644,0.5089686098654709,351,0.35327635327635326,0.35874439461883406,0.2937219730941704,291,0.5498281786941581,0.15246636771300448,0.34977578475336324,224,0.30357142857142855,0.16591928251121077,0.14349775784753363,138,0.5362318840579711
15m,DAILY_4H_1H,120,446,82.11158938697754,54.90638929858905,18.80933347150282,109.57721047423318,196.95809215493853,-73.85554517495133,-53.412631628358966,-162.29711914099443,2.6137877325130394,-7.816708964863417,0.4484304932735426,0.5493273542600897,52.17488789237668,42.0,0.7130044843049327,10.0,0.5291479820627802,26.0,0.2757847533632287,44.0,0.5134529147982063,0.4327354260089686,422,0.542654028436019,0.3430493273542601,0.5582959641255605,402,0.3805970149253731,0.45067264573991034,0.37668161434977576,369,0.5447154471544715,0.2242152466367713,0.47085201793721976,310,0.3225806451612903,0.2623318385650224,0.2242152466367713,217,0.5391705069124424
15m,DAILY_4H_1H,240,446,120.82898572088331,78.4745568096179,31.031246683412284,165.2868988915568,280.16141536125974,-99.21716652896852,-72.1554206054198,-215.0819226537787,7.0034310803644635,-2.607728249284791,0.4798206278026906,0.5179372197309418,110.45739910313901,107.5,0.7914798206278026,11.0,0.6502242152466368,34.5,0.4125560538116592,84.5,0.531390134529148,0.4484304932735426,437,0.5423340961098398,0.3744394618834081,0.5896860986547086,430,0.3883720930232558,0.5112107623318386,0.40582959641255606,409,0.5574572127139364,0.30269058295964124,0.5448430493273543,378,0.35714285714285715,0.3632286995515695,0.31614349775784756,303,0.5346534653465347
15m,DAILY_4H_1H_15M,15,446,31.539725378458353,19.39497925376843,7.169968046055741,40.96203386276143,72.71782701493201,-25.225322351502975,-15.634933935142481,-57.98297333662661,1.9806333976083057,-0.9820203719224097,0.4820627802690583,0.5134529147982063,6.948430493273543,6.0,0.4327354260089686,5.0,0.18834080717488788,7.5,0.04484304932735426,7.0,0.3542600896860987,0.2645739910313901,276,0.572463768115942,0.14798206278026907,0.31614349775784756,207,0.3188405797101449,0.17713004484304934,0.11883408071748879,132,0.5984848484848485,0.04035874439461883,0.13228699551569506,77,0.23376623376623376,0.04484304932735426,0.026905829596412557,32,0.625
15m,DAILY_4H_1H_15M,30,446,43.748573474003265,28.681056001009786,10.300698538256437,56.916739331108744,95.64921272087523,-37.24832695902471,-22.163197756477903,-93.51101506852422,0.39994936256384706,-1.4357661164809965,0.4798206278026906,0.515695067264574,13.522421524663677,12.0,0.547085201793722,7.0,0.29596412556053814,11.5,0.09417040358744394,17.0,0.4349775784753363,0.33856502242152464,345,0.5623188405797102,0.21973094170403587,0.4103139013452915,281,0.3487544483985765,0.2757847533632287,0.1905829596412556,208,0.5913461538461539,0.08520179372197309,0.23094170403587444,141,0.2695035460992908,0.09417040358744394,0.07399103139013453,75,0.56
15m,DAILY_4H_1H_15M,60,446,58.49776161828783,39.58463780099341,12.996980625151199,78.25939148069283,130.80431388892254,-52.51622110258153,-32.212217869085904,-123.67641885110802,-5.341213454895342,-6.88490169675593,0.4484304932735426,0.5493273542600897,24.80269058295964,22.0,0.6345291479820628,8.0,0.4013452914798206,16.0,0.1681614349775785,26.0,0.47757847533632286,0.40358744394618834,393,0.5419847328244275,0.27802690582959644,0.5089686098654709,351,0.35327635327635326,0.35874439461883406,0.2937219730941704,291,0.5498281786941581,0.15246636771300448,0.34977578475336324,224,0.30357142857142855,0.16591928251121077,0.14349775784753363,138,0.5362318840579711
15m,DAILY_4H_1H_15M,120,446,82.11158938697754,54.90638929858905,18.80933347150282,109.57721047423318,196.95809215493853,-73.85554517495133,-53.412631628358966,-162.29711914099443,2.6137877325130394,-7.816708964863417,0.4484304932735426,0.5493273542600897,52.17488789237668,42.0,0.7130044843049327,10.0,0.5291479820627802,26.0,0.2757847533632287,44.0,0.5134529147982063,0.4327354260089686,422,0.542654028436019,0.3430493273542601,0.5582959641255605,402,0.3805970149253731,0.45067264573991034,0.37668161434977576,369,0.5447154471544715,0.2242152466367713,0.47085201793721976,310,0.3225806451612903,0.2623318385650224,0.2242152466367713,217,0.5391705069124424
15m,DAILY_4H_1H_15M,240,446,120.82898572088331,78.4745568096179,31.031246683412284,165.2868988915568,280.16141536125974,-99.21716652896852,-72.1554206054198,-215.0819226537787,7.0034310803644635,-2.607728249284791,0.4798206278026906,0.5179372197309418,110.45739910313901,107.5,0.7914798206278026,11.0,0.6502242152466368,34.5,0.4125560538116592,84.5,0.531390134529148,0.4484304932735426,437,0.5423340961098398,0.3744394618834081,0.5896860986547086,430,0.3883720930232558,0.5112107623318386,0.40582959641255606,409,0.5574572127139364,0.30269058295964124,0.5448430493273543,378,0.35714285714285715,0.3632286995515695,0.31614349775784756,303,0.5346534653465347
15m,DAILY_ONLY,15,1633,24.83489962672962,14.21464108031234,5.898860317279375,34.0914873047371,59.72538534989846,-22.093979294798075,-14.635931211122166,-49.67857707192968,0.2714774658834998,-2.1732197600987657,0.46356399265156156,0.5315370483772198,6.594611145131659,5.0,0.32823025107164727,5.0,0.1359461114513166,7.0,0.03184323331292101,9.0,0.290263319044703,0.24862216778934476,880,0.5386363636363637,0.11696264543784446,0.28413962033067974,655,0.2916030534351145,0.13288426209430496,0.08818126148193509,361,0.6011080332409973,0.03061849357011635,0.09430496019595835,204,0.24509803921568626,0.03184323331292101,0.015921616656460504,78,0.6666666666666666
15m,DAILY_ONLY,30,1633,35.25682254343296,20.749279538905263,8.640155201597999,45.30067702110729,82.62967412160592,-31.31054592498905,-21.246458923511735,-71.6092725264894,0.06308533389938939,-2.588605544971978,0.46540110226576853,0.5315370483772198,13.275566442131048,12.0,0.4543784445805266,8.0,0.21800367421922842,12.0,0.065523576240049,16.0,0.3772198407838334,0.3404776484996938,1172,0.5255972696245734,0.17085119412124924,0.3998775260257195,932,0.29935622317596566,0.2063686466625842,0.16105327617881202,600,0.5616666666666666,0.06307409675443969,0.17942437232088182,396,0.2601010101010101,0.065523576240049,0.04654011022657685,183,0.5846994535519126
15m,DAILY_ONLY,60,1633,49.10982733023222,30.967329467412874,11.725715092201217,63.23907455012767,114.89096495128014,-44.16642991493629,-29.12347047445141,-104.15029675754138,-0.8286351191110167,-2.8141378554402685,0.4684629516227802,0.5266380894060012,25.925903245560317,23.0,0.5676668707899571,11.0,0.33006736068585424,19.0,0.12614819350887937,28.5,0.4396815676668708,0.4164115125535824,1398,0.5135908440629471,0.23637477036129823,0.5076546233925291,1215,0.3176954732510288,0.30067360685854255,0.25107164727495407,901,0.5449500554938956,0.11512553582363748,0.28046540110226575,646,0.29102167182662536,0.12308634415186773,0.09920391916717697,363,0.5537190082644629
15m,DAILY_ONLY,120,1633,68.90129322808309,43.29994607931154,16.524183831545525,89.29634480295378,162.73673823041523,-63.723112783696,-42.80718678403406,-145.42402733388758,1.0001614954236797,-3.823245331616709,0.46540110226576853,0.5321494182486222,52.15003061849357,46.0,0.6619718309859155,16.0,0.451316595223515,32.0,0.22106552357624004,50.0,0.4782608695652174,0.4580526638089406,1529,0.5107913669064749,0.29393753827311697,0.5793018983466014,1426,0.33660589060308554,0.39069197795468463,0.3533374157991427,1215,0.5251028806584362,0.18187385180649113,0.41334966319657074,972,0.3055555555555556,0.2106552357624005,0.1745254133496632,629,0.5468998410174881
15m,DAILY_ONLY,240,1633,98.89161808803063,64.07634628493585,25.181073580178293,128.38578362298404,229.50048348514593,-90.84133804134451,-61.2370860841549,-199.55403660083658,3.7154492762441786,-2.3047229791106627,0.4856093080220453,0.5119412124923454,106.22596448254745,97.0,0.7513778322106552,20.0,0.5793018983466014,46.0,0.3429271279853031,89.0,0.4960195958358849,0.48132271892222905,1596,0.5075187969924813,0.3214941824862217,0.6252296387017758,1546,0.3395860284605433,0.4482547458665034,0.42498469075321493,1426,0.5133239831697055,0.2467850581751378,0.5260257195345989,1262,0.3193343898573692,0.30679730557256585,0.28169014084507044,961,0.5213319458896982
15m,FULL_ALIGNMENT,15,422,31.648658919803456,18.862996682954545,7.100528809401152,40.96203386276143,73.3883742779416,-25.60350501738328,-16.699849442953774,-58.15261126483606,1.8483857102974453,-1.2277412684424949,0.47393364928909953,0.5213270142180095,6.931279620853081,6.0,0.42890995260663506,5.0,0.1895734597156398,7.5,0.04739336492890995,7.0,0.35071090047393366,0.2677725118483412,261,0.5670498084291188,0.14928909952606634,0.3175355450236967,197,0.3197969543147208,0.17772511848341233,0.12085308056872038,126,0.5952380952380952,0.04265402843601896,0.13507109004739337,75,0.24,0.04739336492890995,0.02843601895734597,32,0.625
15m,FULL_ALIGNMENT,30,422,44.18781739166564,28.169241129823995,10.300698538256437,57.4849057084692,99.0240574790343,-37.92555621816016,-22.51305624274169,-93.92078599622111,0.25834529860605315,-1.8189414085384437,0.47393364928909953,0.5213270142180095,13.637440758293838,13.0,0.5402843601895735,7.0,0.3009478672985782,12.0,0.0995260663507109,17.0,0.4265402843601896,0.3412322274881517,324,0.5555555555555556,0.22274881516587677,0.41232227488151657,268,0.35074626865671643,0.2796208530805687,0.19194312796208532,199,0.592964824120603,0.09004739336492891,0.23459715639810427,137,0.2773722627737226,0.0995260663507109,0.07582938388625593,74,0.5675675675675675
15m,FULL_ALIGNMENT,60,422,59.238386317653095,39.66398931258274,12.996980625151199,78.73761987524097,134.43318538638354,-52.80198338073407,-32.65966800437836,-123.41774446992792,-5.016174146843479,-7.438880971926132,0.44075829383886256,0.556872037914692,24.827014218009477,22.0,0.6303317535545023,8.0,0.4075829383886256,16.0,0.17298578199052134,26.0,0.46919431279620855,0.4099526066350711,371,0.5336927223719676,0.2796208530805687,0.5165876777251185,336,0.35119047619047616,0.36255924170616116,0.2938388625592417,277,0.5523465703971119,0.15639810426540285,0.35308056872037913,215,0.30697674418604654,0.17061611374407584,0.14691943127962084,134,0.5373134328358209
15m,FULL_ALIGNMENT,120,422,83.53261884267553,54.90638929858905,18.24278522476408,110.53367860957397,198.6581227159934,-74.05236473334243,-54.346634408297675,-159.7203098283002,3.922541655764018,-8.672582878881396,0.4431279620853081,0.5545023696682464,52.208530805687204,42.5,0.7109004739336493,10.0,0.5284360189573459,26.0,0.2843601895734597,45.0,0.504739336492891,0.44075829383886256,399,0.5338345864661654,0.33649289099526064,0.566350710900474,381,0.37270341207349084,0.44786729857819907,0.3815165876777251,350,0.54,0.22985781990521326,0.4786729857819905,299,0.32441471571906355,0.27014218009478674,0.22274881516587677,208,0.5480769230769231
15m,FULL_ALIGNMENT,240,422,122.15845211943733,78.4745568096179,30.64996422125099,168.67286135177127,284.1837719663894,-98.88082263959384,-72.80120380209308,-212.09254695509307,8.738493977592668,-3.2892363350273124,0.47393364928909953,0.523696682464455,109.84834123222748,107.0,0.7890995260663507,11.0,0.6516587677725119,33.0,0.4075829383886256,78.0,0.5213270142180095,0.45734597156398105,413,0.5326876513317191,0.36729857819905215,0.5995260663507109,408,0.3799019607843137,0.5071090047393365,0.41232227488151657,388,0.5515463917525774,0.2938388625592417,0.5521327014218009,357,0.3473389355742297,0.35545023696682465,0.3175355450236967,284,0.528169014084507
1h,DAILY_4H,15,168,29.580623160483235,18.591345040568363,6.807291567690887,37.21345850170865,70.72736627435638,-23.711288992025874,-17.444214031649416,-54.612017602296724,4.164861270028352,-0.6940158882506875,0.48214285714285715,0.5059523809523809,7.428571428571429,7.0,0.40476190476190477,6.0,0.17261904761904762,6.0,0.047619047619047616,10.5,0.38095238095238093,0.26785714285714285,109,0.5871559633027523,0.15476190476190477,0.30952380952380953,78,0.3333333333333333,0.17261904761904762,0.11904761904761904,49,0.5918367346938775,0.047619047619047616,0.125,29,0.27586206896551724,0.047619047619047616,0.017857142857142856,11,0.7272727272727273
1h,DAILY_4H,30,168,40.759848780940736,25.152917245018223,10.922236331878388,49.83051993575849,97.87386787688607,-30.800626323684156,-25.302388695909173,-64.11109687354899,5.332042938288687,-2.0848576845372557,0.48214285714285715,0.5178571428571429,13.583333333333334,12.0,0.5059523809523809,7.0,0.25,11.0,0.10119047619047619,16.0,0.44047619047619047,0.39880952380952384,141,0.524822695035461,0.20238095238095238,0.48214285714285715,115,0.2956521739130435,0.23214285714285715,0.16071428571428573,66,0.5909090909090909,0.08928571428571429,0.17857142857142858,45,0.3333333333333333,0.10119047619047619,0.023809523809523808,21,0.8095238095238095
1h,DAILY_4H,60,168,59.846657719509324,31.650376268438364,12.880249294736078,77.40609917351927,133.75291766880025,-43.007688600580046,-33.39516376912488,-90.14422050618366,13.351157349632826,-1.244954545410737,0.4880952380952381,0.5059523809523809,25.791666666666668,25.5,0.6011904761904762,9.0,0.35714285714285715,17.0,0.17857142857142858,28.0,0.47023809523809523,0.42857142857142855,151,0.5231788079470199,0.23809523809523808,0.5595238095238095,134,0.29850746268656714,0.32142857142857145,0.27380952380952384,100,0.54,0.15476190476190477,0.30357142857142855,77,0.33766233766233766,0.17857142857142858,0.07738095238095238,43,0.6976744186046512
1h,DAILY_4H,120,168,87.93267414929373,42.68314004782225,17.6014194440971,101.63219759100117,243.20895301558124,-61.50803051449735,-46.75102985028712,-143.29352419955242,17.85523048655263,-5.298090108818987,0.4523809523809524,0.5416666666666666,51.351190476190474,42.0,0.7083333333333334,11.0,0.44642857142857145,25.0,0.25595238095238093,37.0,0.49404761904761907,0.4523809523809524,159,0.5220125786163522,0.26785714285714285,0.6071428571428571,147,0.30612244897959184,0.36904761904761907,0.38095238095238093,126,0.49206349206349204,0.20833333333333334,0.44642857142857145,110,0.3181818181818182,0.25595238095238093,0.16666666666666666,71,0.6056338028169014
1h,DAILY_4H,240,168,122.39006122251885,68.17926210274993,30.40571596263586,143.20502228861608,338.4140691575549,-95.40898680432576,-60.69409872895226,-196.82603320400895,16.497276179527535,2.1661127132388547,0.5178571428571429,0.48214285714285715,110.69047619047619,105.0,0.8273809523809523,16.0,0.6071428571428571,42.0,0.35714285714285715,55.5,0.5238095238095238,0.4583333333333333,165,0.5333333333333333,0.30357142857142855,0.6428571428571429,159,0.32075471698113206,0.43452380952380953,0.4523809523809524,149,0.4899328859060403,0.25,0.5476190476190477,134,0.31343283582089554,0.3392857142857143,0.2916666666666667,106,0.5377358490566038
1h,DAILY_4H_1H,15,168,29.580623160483235,18.591345040568363,6.807291567690887,37.21345850170865,70.72736627435638,-23.711288992025874,-17.444214031649416,-54.612017602296724,4.164861270028352,-0.6940158882506875,0.48214285714285715,0.5059523809523809,7.428571428571429,7.0,0.40476190476190477,6.0,0.17261904761904762,6.0,0.047619047619047616,10.5,0.38095238095238093,0.26785714285714285,109,0.5871559633027523,0.15476190476190477,0.30952380952380953,78,0.3333333333333333,0.17261904761904762,0.11904761904761904,49,0.5918367346938775,0.047619047619047616,0.125,29,0.27586206896551724,0.047619047619047616,0.017857142857142856,11,0.7272727272727273
1h,DAILY_4H_1H,30,168,40.759848780940736,25.152917245018223,10.922236331878388,49.83051993575849,97.87386787688607,-30.800626323684156,-25.302388695909173,-64.11109687354899,5.332042938288687,-2.0848576845372557,0.48214285714285715,0.5178571428571429,13.583333333333334,12.0,0.5059523809523809,7.0,0.25,11.0,0.10119047619047619,16.0,0.44047619047619047,0.39880952380952384,141,0.524822695035461,0.20238095238095238,0.48214285714285715,115,0.2956521739130435,0.23214285714285715,0.16071428571428573,66,0.5909090909090909,0.08928571428571429,0.17857142857142858,45,0.3333333333333333,0.10119047619047619,0.023809523809523808,21,0.8095238095238095
1h,DAILY_4H_1H,60,168,59.846657719509324,31.650376268438364,12.880249294736078,77.40609917351927,133.75291766880025,-43.007688600580046,-33.39516376912488,-90.14422050618366,13.351157349632826,-1.244954545410737,0.4880952380952381,0.5059523809523809,25.791666666666668,25.5,0.6011904761904762,9.0,0.35714285714285715,17.0,0.17857142857142858,28.0,0.47023809523809523,0.42857142857142855,151,0.5231788079470199,0.23809523809523808,0.5595238095238095,134,0.29850746268656714,0.32142857142857145,0.27380952380952384,100,0.54,0.15476190476190477,0.30357142857142855,77,0.33766233766233766,0.17857142857142858,0.07738095238095238,43,0.6976744186046512
1h,DAILY_4H_1H,120,168,87.93267414929373,42.68314004782225,17.6014194440971,101.63219759100117,243.20895301558124,-61.50803051449735,-46.75102985028712,-143.29352419955242,17.85523048655263,-5.298090108818987,0.4523809523809524,0.5416666666666666,51.351190476190474,42.0,0.7083333333333334,11.0,0.44642857142857145,25.0,0.25595238095238093,37.0,0.49404761904761907,0.4523809523809524,159,0.5220125786163522,0.26785714285714285,0.6071428571428571,147,0.30612244897959184,0.36904761904761907,0.38095238095238093,126,0.49206349206349204,0.20833333333333334,0.44642857142857145,110,0.3181818181818182,0.25595238095238093,0.16666666666666666,71,0.6056338028169014
1h,DAILY_4H_1H,240,168,122.39006122251885,68.17926210274993,30.40571596263586,143.20502228861608,338.4140691575549,-95.40898680432576,-60.69409872895226,-196.82603320400895,16.497276179527535,2.1661127132388547,0.5178571428571429,0.48214285714285715,110.69047619047619,105.0,0.8273809523809523,16.0,0.6071428571428571,42.0,0.35714285714285715,55.5,0.5238095238095238,0.4583333333333333,165,0.5333333333333333,0.30357142857142855,0.6428571428571429,159,0.32075471698113206,0.43452380952380953,0.4523809523809524,149,0.4899328859060403,0.25,0.5476190476190477,134,0.31343283582089554,0.3392857142857143,0.2916666666666667,106,0.5377358490566038
1h,DAILY_4H_1H_15M,15,162,30.071018736648917,19.193376653312555,7.038379280174811,37.27237550512797,70.31467671009686,-23.797551148586503,-17.444214031649416,-54.54107287230037,4.4692361097570386,-0.6940158882506875,0.4876543209876543,0.5061728395061729,7.580246913580247,7.0,0.41358024691358025,6.0,0.1728395061728395,6.0,0.04938271604938271,10.5,0.3888888888888889,0.2654320987654321,106,0.5943396226415094,0.15432098765432098,0.30864197530864196,75,0.3333333333333333,0.1728395061728395,0.11728395061728394,47,0.5957446808510638,0.04938271604938271,0.12345679012345678,28,0.2857142857142857,0.04938271604938271,0.018518518518518517,11,0.7272727272727273
1h,DAILY_4H_1H_15M,30,162,41.42256807699619,25.2688902376319,10.942987229117795,49.97169948427249,100.38867365184315,-30.916796498449678,-25.14959710948117,-65.0301545066172,5.717191584828839,-2.0848576845372557,0.48148148148148145,0.5185185185185185,13.623456790123457,12.0,0.5185185185185185,7.0,0.25308641975308643,12.0,0.10493827160493827,16.0,0.4506172839506173,0.3888888888888889,136,0.5367647058823529,0.2037037037037037,0.47530864197530864,110,0.3,0.2345679012345679,0.16049382716049382,64,0.59375,0.09259259259259259,0.17901234567901234,44,0.3409090909090909,0.10493827160493827,0.024691358024691357,21,0.8095238095238095
1h,DAILY_4H_1H_15M,60,162,60.460207958357586,32.79915738045092,13.360367560120157,77.27414004546796,139.1513492254271,-42.76292054907816,-33.805367277717764,-82.18097872628549,14.439489005964482,-0.39377353175440444,0.49382716049382713,0.5,25.617283950617285,24.5,0.6049382716049383,9.0,0.35802469135802467,17.0,0.1728395061728395,26.5,0.47530864197530864,0.41975308641975306,145,0.5310344827586206,0.2345679012345679,0.5555555555555556,128,0.296875,0.32098765432098764,0.2716049382716049,96,0.5416666666666666,0.14814814814814814,0.30246913580246915,73,0.3287671232876712,0.1728395061728395,0.07407407407407407,40,0.7
1h,DAILY_4H_1H_15M,120,162,89.11774688044963,42.68314004782225,18.439275551601632,100.99565285604129,244.76745025078017,-60.365459205007355,-46.568146104402075,-122.56252610101936,19.250403924622766,-5.298090108818987,0.4506172839506173,0.5432098765432098,51.30246913580247,42.5,0.7098765432098766,11.0,0.4444444444444444,22.5,0.25308641975308643,36.0,0.5,0.4444444444444444,153,0.5294117647058824,0.2654320987654321,0.6049382716049383,141,0.3049645390070922,0.37037037037037035,0.37037037037037035,120,0.5,0.2037037037037037,0.4382716049382716,104,0.3173076923076923,0.25308641975308643,0.15432098765432098,66,0.6212121212121212
1h,DAILY_4H_1H_15M,240,162,124.15235295680516,68.17926210274993,31.191683653090664,148.14005050102108,342.42273485603187,-92.27194247517245,-60.20755300677139,-194.74161146161006,21.142216594567746,2.5529632458243245,0.5246913580246914,0.47530864197530864,111.41975308641975,105.0,0.8333333333333334,16.0,0.6111111111111112,43.0,0.35185185185185186,62.0,0.5308641975308642,0.4506172839506173,159,0.5408805031446541,0.30246913580246915,0.6419753086419753,153,0.3202614379084967,0.4382716049382716,0.4444444444444444,143,0.4965034965034965,0.24691358024691357,0.5432098765432098,128,0.3125,0.3333333333333333,0.2839506172839506,100,0.54
1h,DAILY_ONLY,15,365,25.795681426653047,15.04131601995251,6.167509559640294,32.24400871459699,65.04985889754883,-24.9065686559428,-17.638758231420802,-56.55368434804054,0.8892701909877478,0.0,0.4931506849315068,0.4986301369863014,7.054794520547945,6.0,0.33424657534246577,6.0,0.16712328767123288,8.0,0.03287671232876712,10.5,0.3013698630136986,0.31232876712328766,224,0.49107142857142855,0.14794520547945206,0.34794520547945207,181,0.2983425414364641,0.16164383561643836,0.13150684931506848,107,0.5514018691588785,0.03287671232876712,0.136986301369863,62,0.1935483870967742,0.03287671232876712,0.019178082191780823,19,0.631578947368421
1h,DAILY_ONLY,30,365,35.01112290436452,21.477368063600455,8.649628271926169,46.88752031868803,82.48875407040403,-32.06713728588862,-23.825731790334537,-72.19220522029612,1.551190283371569,-1.983635011157947,0.4602739726027397,0.536986301369863,13.772602739726027,13.0,0.4410958904109589,7.0,0.2356164383561644,10.0,0.07123287671232877,16.5,0.3780821917808219,0.4,284,0.4859154929577465,0.18904109589041096,0.4602739726027397,237,0.2911392405063291,0.2136986301369863,0.20273972602739726,152,0.5131578947368421,0.06301369863013699,0.2136986301369863,101,0.22772277227722773,0.07123287671232877,0.038356164383561646,40,0.65
1h,DAILY_ONLY,60,365,50.857604471159064,28.122295933081798,11.51600692884891,66.93143268010404,120.65232787402329,-45.50822041883833,-30.66209333749015,-103.15944006708966,3.915496554968601,-2.365715688885661,0.4712328767123288,0.5232876712328767,25.964383561643835,24.0,0.5397260273972603,10.0,0.336986301369863,16.0,0.14794520547945206,31.0,0.4246575342465753,0.4328767123287671,313,0.4952076677316294,0.2410958904109589,0.5232876712328767,279,0.3154121863799283,0.3013698630136986,0.2876712328767123,215,0.5116279069767442,0.12054794520547946,0.32054794520547947,161,0.2732919254658385,0.14794520547945206,0.10684931506849316,93,0.5806451612903226
1h,DAILY_ONLY,120,365,73.23940465060532,39.09590714722189,16.20175773786814,90.91657914787498,182.7491425795711,-64.57456169706177,-45.91090257807351,-155.99755068386045,6.272433765051537,-4.957612413861723,0.4575342465753425,0.536986301369863,50.276712328767125,42.0,0.6520547945205479,14.0,0.42191780821917807,27.0,0.2219178082191781,41.0,0.4575342465753425,0.4794520547945205,342,0.48830409356725146,0.26575342465753427,0.5945205479452055,314,0.3089171974522293,0.34794520547945207,0.3835616438356164,267,0.4756554307116105,0.1726027397260274,0.4410958904109589,224,0.28125,0.21643835616438356,0.20273972602739726,153,0.5163398692810458
1h,DAILY_ONLY,240,365,98.83366783261351,56.84528762411878,25.44671050187519,121.07589595327539,241.6722962128075,-90.3297840012569,-59.83952128382985,-198.16646563566675,0.8985994641950926,-4.708892350796523,0.4684931506849315,0.5315068493150685,100.63013698630137,84.0,0.7561643835616438,19.0,0.5452054794520548,39.0,0.3041095890410959,63.0,0.4904109589041096,0.4958904109589041,360,0.49722222222222223,0.29863013698630136,0.6301369863013698,339,0.3215339233038348,0.4054794520547945,0.4410958904109589,309,0.47896440129449835,0.2,0.5342465753424658,268,0.27238805970149255,0.27671232876712326,0.2958904109589041,209,0.48325358851674644
1h,FULL_ALIGNMENT,15,158,30.407011841949423,19.193376653312555,7.1446413535214415,37.34592779776447,72.14821045487058,-23.998673668636986,-17.63935093196278,-53.50654892310636,4.592129960512485,-0.6940158882506875,0.4873417721518987,0.5063291139240507,7.531645569620253,7.0,0.41139240506329117,6.0,0.17721518987341772,6.0,0.05063291139240506,10.5,0.3860759493670886,0.26582278481012656,103,0.5922330097087378,0.15822784810126583,0.310126582278481,74,0.33783783783783783,0.17721518987341772,0.11392405063291139,46,0.6086956521739131,0.05063291139240506,0.12025316455696203,27,0.2962962962962963,0.05063291139240506,0.0189873417721519,11,0.7272727272727273
1h,FULL_ALIGNMENT,30,158,42.0044391160739,25.2688902376319,11.058353061456083,51.32392099968574,101.54919910326024,-31.2503166621048,-25.302388695909173,-65.4599374898216,5.979004174135708,-2.7135697134872405,0.47468354430379744,0.5253164556962026,13.582278481012658,12.0,0.5189873417721519,7.0,0.25949367088607594,12.0,0.10759493670886076,16.0,0.44936708860759494,0.3924050632911392,133,0.5338345864661654,0.2088607594936709,0.4810126582278481,109,0.30275229357798167,0.24050632911392406,0.15822784810126583,63,0.6031746031746031,0.0949367088607595,0.17721518987341772,43,0.3488372093023256,0.10759493670886076,0.02531645569620253,21,0.8095238095238095
1h,FULL_ALIGNMENT,60,158,61.48578565642376,34.1689437790138,14.667053361080429,77.50399693452592,141.82147575845312,-43.32833134181316,-34.03816870729326,-84.4187642386871,14.681804121486657,-1.244954545410737,0.4873417721518987,0.5063291139240507,25.670886075949365,24.5,0.6075949367088608,9.0,0.3670886075949367,17.0,0.17721518987341772,26.5,0.47468354430379744,0.4240506329113924,142,0.528169014084507,0.24050632911392406,0.5632911392405063,127,0.2992125984251969,0.3291139240506329,0.2721518987341772,95,0.5473684210526316,0.1518987341772152,0.3037974683544304,72,0.3333333333333333,0.17721518987341772,0.0759493670886076,40,0.7
1h,FULL_ALIGNMENT,120,158,89.9749235507567,42.68314004782225,18.439275551601632,101.72669354762853,246.03332556727133,-61.31126469920018,-46.75102985028712,-128.76142255009268,19.268198756493735,-6.353269059150568,0.4430379746835443,0.5506329113924051,49.94303797468354,42.0,0.7088607594936709,11.0,0.4430379746835443,20.0,0.25949367088607594,36.0,0.5,0.44936708860759494,150,0.5266666666666666,0.26582278481012656,0.6139240506329114,139,0.302158273381295,0.37341772151898733,0.37341772151898733,118,0.5,0.2088607594936709,0.4430379746835443,103,0.32038834951456313,0.25949367088607594,0.15822784810126583,66,0.6212121212121212
1h,FULL_ALIGNMENT,240,158,125.57595159222598,67.94801580400801,31.191683653090664,158.0834857179769,343.532463503867,-93.06619275772725,-60.69409872895226,-193.60791183603044,21.934956765304285,2.5529632458243245,0.5253164556962026,0.47468354430379744,111.37341772151899,102.5,0.8291139240506329,16.0,0.6075949367088608,40.0,0.36075949367088606,62.0,0.5253164556962026,0.45569620253164556,155,0.535483870967742,0.2974683544303797,0.6455696202531646,149,0.31543624161073824,0.43670886075949367,0.44936708860759494,140,0.4928571428571429,0.25316455696202533,0.5506329113924051,127,0.31496062992125984,0.34177215189873417,0.2848101265822785,99,0.5454545454545454
1m,DAILY_4H,15,14331,21.984360139640756,13.40996168582409,5.225123177151625,28.089750802587908,51.17306075875572,-21.308656445055266,-14.001946643453778,-47.254187079868174,-0.0795855735393976,-0.6035913686441852,0.48405554392575534,0.5106412671830298,7.231246947177447,7.0,0.2874188821436048,6.0,0.1040401925894913,8.0,0.02386435001046682,10.0,0.263205638127137,0.25525085479031473,7430,0.5076716016150741,0.09127067196985555,0.2776498499755774,5287,0.24739928125591074,0.10180727095108506,0.08526969506663876,2681,0.5441999254009698,0.0226781103900635,0.08820040471704696,1589,0.20453115166771554,0.023794571209266625,0.017654036703649432,594,0.5740740740740741
1m,DAILY_4H,30,14331,32.11576383126929,19.537829279794305,7.809025856063689,40.68312550913001,74.57300938176647,-30.880300780964465,-20.20234909659191,-69.99761507274104,-0.016586846604103842,-1.058761249338458,0.4824506314981509,0.5138510920382388,14.119600865257135,13.0,0.4149047519363617,10.0,0.18679785081292302,14.0,0.05512525294815435,17.0,0.3579652501570023,0.3562905589281976,10236,0.5011723329425557,0.15072221059242202,0.4034610285395297,7942,0.2719717955175019,0.17807550066289862,0.1662131044588654,4934,0.5172274017024726,0.05107808247854302,0.17633103063289374,3259,0.2246087756980669,0.05449724373735259,0.04319307794292094,1400,0.5578571428571428
1m,DAILY_4H,60,14331,46.73330165882673,28.786070350346193,12.031815009129199,58.19126416025999,106.26945760909167,-44.624843726597064,-29.401315708877938,-102.17263652378183,0.26973980550241816,-1.114601507214985,0.4868466959737632,0.5110599399902309,28.154420487056033,27.0,0.5452515525783267,14.0,0.3006070755704417,24.0,0.11269276393831554,31.0,0.4288605121764008,0.4323494522364106,12342,0.4979743963701183,0.22105924220221895,0.516781801688647,10574,0.29960279931908457,0.27555648593957155,0.2706021910543577,7827,0.5045355819598825,0.10069081013188193,0.2954434442816272,5677,0.25418354764840584,0.1103900634987091,0.10020235852348057,3018,0.5241882041086813
1m,DAILY_4H,120,14331,68.17037554174863,41.75827092447682,17.921309162154397,85.09026316866564,155.42802486848473,-64.35194313528046,-42.3163660907,-149.4358035986587,-0.5466519843635305,-1.645410262002267,0.4846835531365571,0.5129439676226363,55.34575395994697,52.0,0.665340869443863,20.0,0.4366059591096225,38.0,0.20180029307096503,54.0,0.4721233689205219,0.4738678389505268,13557,0.4990779671018662,0.2809294536319866,0.5932593678040611,12528,0.321360153256705,0.37387481683064683,0.3667573791082269,10614,0.5048049745618994,0.16635266206126578,0.41783546158676993,8372,0.28475871954132825,0.1917521456981369,0.18240178633731072,5362,0.5124953375606117
1m,DAILY_4H,240,14331,99.72672502562668,61.05951152390654,26.430839201955216,123.85393609295025,229.94512673111922,-92.07080760869434,-62.62743955723793,-206.5817919769397,-0.14548724816377806,-3.3222591362125353,0.4809154978717466,0.5179680413090503,108.95771404647269,100.0,0.7612867210941316,26.0,0.5697439117995953,55.0,0.3216802735329007,90.0,0.4908938664433745,0.49326634568418115,14104,0.49879466817923995,0.3152606238224827,0.6386155885841881,13670,0.33050475493782006,0.4440025120368432,0.4376526411276254,12635,0.503601108033241,0.23599190565906078,0.5298304375130836,10975,0.30815489749430525,0.2929314074384202,0.28727932454120436,8315,0.5048707155742633
1m,DAILY_4H_1H,15,8600,23.952027458002288,14.449433369106979,5.662878551638828,30.27976352811379,55.56838757424366,-22.630183518787014,-14.868542484412494,-49.88937241565317,0.07794115346867499,-0.622987188120816,0.48604651162790696,0.5094186046511628,7.272674418604651,7.0,0.31383720930232556,6.0,0.12255813953488372,8.0,0.029186046511627907,10.0,0.28569767441860466,0.2683720930232558,4765,0.5156348373557188,0.1063953488372093,0.2961627906976744,3462,0.26429809358752165,0.11941860465116279,0.09430232558139535,1838,0.558759521218716,0.02767441860465116,0.0986046511627907,1086,0.21915285451197053,0.029186046511627907,0.02116279069767442,433,0.5796766743648961
1m,DAILY_4H_1H,30,8600,35.44053444806331,21.21293178579453,8.665208974329431,44.63995122840958,82.04987781034778,-32.780339949955575,-21.168628726830896,-75.58318232765026,0.414888440284165,-0.9942697418696689,0.48290697674418603,0.5133720930232558,14.125116279069767,13.0,0.4432558139534884,9.0,0.2144186046511628,14.0,0.06755813953488372,17.0,0.3801162790697674,0.3638372093023256,6398,0.5109409190371991,0.1697674418604651,0.4190697674418605,5064,0.2883096366508689,0.20267441860465116,0.17930232558139536,3285,0.5305936073059361,0.062325581395348835,0.1936046511627907,2201,0.24352567014993184,0.06662790697674419,0.050348837209302326,1006,0.5695825049701789
1m,DAILY_4H_1H,60,8600,52.004198699767194,31.39976884767748,13.076477766170157,64.48567155315999,117.47141101465887,-47.03273527067814,-31.07255648663265,-107.35467560801558,0.6686528851495568,-1.4022667405239053,0.48348837209302326,0.5140697674418605,28.059418604651164,26.0,0.5720930232558139,14.0,0.33406976744186045,22.0,0.1330232558139535,30.0,0.4475581395348837,0.42872093023255814,7536,0.5107484076433121,0.2424418604651163,0.523953488372093,6591,0.31634046426945833,0.3033720930232558,0.2812790697674419,5028,0.5188941925218775,0.11755813953488373,0.3127906976744186,3701,0.27316941367198055,0.13,0.11127906976744185,2075,0.5387951807228916
1m,DAILY_4H_1H,120,8600,75.71758956990257,45.9555641642706,19.47091823821079,92.08199203056822,173.92048873116627,-67.86065667042486,-44.60058799380329,-155.97633840201794,-0.42019058924485136,-2.4008988419244037,0.48069767441860467,0.517093023255814,54.73139534883721,51.0,0.688953488372093,18.0,0.47093023255813954,35.0,0.22534883720930232,51.0,0.48965116279069765,0.46430232558139534,8204,0.5132862018527548,0.3016279069767442,0.5891860465116279,7661,0.33859809424357135,0.39988372093023256,0.37348837209302327,6651,0.5170651029920312,0.18174418604651163,0.43372093023255814,5293,0.2952956735310788,0.21220930232558138,0.19813953488372094,3529,0.5171436667611221
1m,DAILY_4H_1H,240,8600,110.58836535549368,66.12637719206282,28.194846821433806,136.73252633799316,261.2412041955375,-97.61936963653693,-66.61787938067488,-219.20786559339388,-1.7870947667572876,-5.8234006562157825,0.4705813953488372,0.5283720930232558,106.13116279069767,95.5,0.7756976744186046,23.0,0.5938372093023255,50.0,0.3524418604651163,85.0,0.5058139534883721,0.4797674418604651,8476,0.5132137800849458,0.3317441860465116,0.63,8271,0.34494015233949943,0.4653488372093023,0.43732558139534883,7763,0.5155223496071106,0.25546511627906976,0.5409302325581395,6849,0.32077675573076364,0.3177906976744186,0.2990697674418605,5305,0.5151743638077285
1m,DAILY_4H_1H_15M,15,4826,26.56416400585609,15.65927850284865,5.9950823516657925,33.45791001884202,61.77423593578424,-24.170932946737796,-15.557453330697356,-53.78629978333271,0.40012868203882895,-0.946319420313535,0.4805221715706589,0.5142975549108993,7.168462494819726,7.0,0.3460422710319105,5.0,0.14711976792374637,8.0,0.037919602154993785,10.0,0.30915872358060503,0.2801491918773311,2844,0.5246132208157525,0.12453377538334023,0.3139245752175715,2116,0.2840264650283554,0.14214670534604226,0.10422710319104848,1189,0.5769554247266611,0.035640281806879406,0.11065064235391629,706,0.24362606232294617,0.037919602154993785,0.024865312888520515,303,0.6039603960396039
1m,DAILY_4H_1H_15M,30,4826,39.64503705548881,23.392536739491597,9.350151835951781,49.9123722158662,90.41879344587333,-34.49723053021708,-22.131335258190887,-77.73132821941032,1.2413508582599968,-1.0743130959978142,0.48010774968918357,0.5167840861997514,13.920430998756734,13.0,0.47534189805221716,8.0,0.24906755076668047,13.0,0.08474927476170742,16.0,0.3999171156237049,0.3655200994612516,3694,0.5224688684353005,0.19353501864898467,0.4301699129714049,3010,0.3102990033222591,0.23290509738914214,0.1898052217157066,2040,0.5509803921568628,0.07791131371736428,0.20845420638209697,1382,0.27206946454413894,0.08392043099875673,0.05449647741400746,668,0.6062874251497006
1m,DAILY_4H_1H_15M,60,4826,58.728723366180155,33.681724719341055,14.032507574285313,72.00051431409892,134.1888286424986,-49.14303237003351,-32.39550627304743,-111.59923637913406,2.6089049776509055,-1.4386449166009507,0.4850808122668877,0.5124326564442603,27.73331951927062,26.0,0.5965602983837547,12.0,0.37132200580190633,21.0,0.15955242436800662,29.0,0.4593866556154165,0.4276833816825528,4281,0.5178696566222845,0.2619146290924161,0.5317032739328637,3830,0.3300261096605744,0.33257355988396187,0.2880232076253626,2995,0.5358931552587646,0.13903854123497722,0.32552838789888106,2242,0.2992863514719001,0.15582262743472855,0.11748860339825942,1319,0.5701288855193328
1m,DAILY_4H_1H_15M,120,4826,85.60525913047947,49.39879049583262,20.519483809109396,103.15752390641808,201.9760470017795,-70.88900380343975,-46.87859285791907,-164.9684472397861,1.8216978043341057,-3.3487562874934262,0.4763779527559055,0.5213427268959802,53.516991297140486,49.0,0.7034811438043929,16.0,0.49668462494819726,30.0,0.25922088686282635,48.0,0.4977206796518856,0.46062992125984253,4625,0.5193513513513514,0.30708661417322836,0.5932449233319519,4345,0.3410817031070196,0.4144218814753419,0.37588064649813513,3814,0.5243838489774515,0.20430998756734356,0.4444674678823042,3131,0.3149153625039923,0.24140074595938665,0.20576046415250726,2158,0.5398517145505097
1m,DAILY_4H_1H_15M,240,4826,124.69501950047164,72.70058957558834,29.548180125666402,154.99671024648995,295.0034132642143,-100.9904065941003,-70.85187244867231,-231.36911066953925,1.3052015457135635,-8.698826974588014,0.4579361790302528,0.5406133443845835,103.11956071280564,90.5,0.7836717778698715,20.0,0.6079569001243266,43.0,0.38955656858682136,76.5,0.5105677579776212,0.4749274761707418,4756,0.5180824222035324,0.3338168255283879,0.6319933692498964,4661,0.34563398412357865,0.4709904682967261,0.4378367177786987,4386,0.5182398540811674,0.27414007459593864,0.547244094488189,3964,0.3337537840565086,0.3458350600911728,0.3050145047658516,3141,0.5313594396688952
1m,DAILY_ONLY,15,24766,21.080677713851422,12.72744911570256,5.026453099813422,26.877615297717373,49.14591308081695,-20.14828784556284,-13.313478949922297,-44.81066877453088,-0.024792507890071196,-0.5318349054628246,0.4835661794395542,0.5105790196236776,7.212387951223452,7.0,0.2739239279657595,6.0,0.09674553823790681,8.0,0.02079463780990067,10.0,0.25304853428086893,0.24028910603246387,12218,0.5129317400556556,0.08620689655172414,0.2608010982798999,8594,0.24842913660693508,0.09472664136315917,0.07582976661552128,4224,0.5553977272727273,0.019987079060001616,0.07805055317774368,2428,0.20387149917627678,0.020754259872405718,0.01433416781070823,869,0.5914844649021864
1m,DAILY_ONLY,30,24766,30.572346002368157,18.82366069148711,7.520398625914249,38.897278754249086,70.14490623348246,-29.343781404081028,-19.272604288916305,-65.70681343553542,0.09222730893033615,-0.8176586942759689,0.48501978518937255,0.5111846886861019,14.07639505774045,13.0,0.4010740531373657,10.0,0.17560365016554955,14.0,0.048534280868933216,17.0,0.3492287813938464,0.3430509569571186,17145,0.5044619422572179,0.14447226035694097,0.3873455543890818,13171,0.2716574292005163,0.16781070822902366,0.15456674473067916,7984,0.5205410821643287,0.0454655576193168,0.16235968666720504,5147,0.21876821449387993,0.048090123556488736,0.03763223774529597,2123,0.5609985869053227
1m,DAILY_ONLY,60,24766,44.133381028719924,27.59264017970886,11.501106141853512,55.849586330026234,100.50828403230905,-42.47368022295504,-27.939445575073663,-95.57181386965485,0.40598188657769235,-0.6232171670605968,0.4917225228135347,0.5054106436243236,28.046475006056692,26.0,0.5325849955584269,15.0,0.28644108858919487,24.0,0.10098522167487685,32.0,0.42344343050956956,0.42368569813453927,20980,0.4998570066730219,0.21368004522328998,0.5034725026245659,17761,0.29795619616012614,0.2633449083420819,0.25502705321812164,12838,0.5080230565508647,0.09080998142614875,0.27679076152790116,9104,0.24703427065026362,0.09892594686263426,0.08850843898893644,4642,0.5277897457992244
1m,DAILY_ONLY,120,24766,64.44078711632338,40.38624849401318,17.13401503406431,81.40044907658906,147.54559652513265,-61.339225269878156,-40.11379173938346,-140.44427974507002,0.5089875337891827,-0.6299023624312117,0.4932972623758378,0.5043608172494549,55.751231527093594,53.0,0.6568279092303965,21.0,0.4252200597593475,39.0,0.18884761366389405,56.0,0.4712105305660987,0.4693935233788258,23295,0.5009658725048294,0.276911895340386,0.584672534926916,21338,0.32139844409035523,0.36695469595413066,0.3513688120810789,17790,0.5108487914558741,0.15618186223047728,0.3989744003876282,13749,0.2813295512400902,0.18040862472744892,0.16797221997900347,8628,0.5178488641631896
1m,DAILY_ONLY,240,24766,93.28855252639327,59.123578596864675,25.693253574160522,117.41426972668945,213.62720857431407,-88.62240674302593,-58.613861386138666,-199.8147302459846,0.9707937961094888,-1.6437413269071444,0.4893806024388274,0.5092869256238391,109.87640313332795,103.0,0.7558749899055156,27.0,0.5605265283049342,59.0,0.30440927077444885,93.0,0.4917225228135347,0.4894613583138173,24300,0.5011522633744856,0.3133327949608334,0.6334894613583139,23449,0.3309309565439891,0.4413712347573286,0.4253815715093273,21466,0.5092238889406503,0.2261568279092304,0.5158281514980215,18376,0.3047997387897257,0.2783655010902043,0.27154162965355727,13619,0.5062045671488362
1m,FULL_ALIGNMENT,15,2799,29.008698344818015,16.817676334930365,6.191638428423296,37.162140358733,68.47977375828364,-25.53672469168186,-16.682886139303132,-55.42796279780693,0.7609434625441521,-1.2367679879476956,0.47624151482672383,0.519113969274741,7.038585209003215,6.0,0.3776348695962844,5.0,0.16934619506966775,7.0,0.046802429439085386,10.0,0.3340478742408003,0.29403358342265096,1758,0.5318543799772468,0.1414790996784566,0.3347624151482672,1333,0.2970742685671418,0.16291532690246516,0.10932475884244373,762,0.5984251968503937,0.043586995355484104,0.11754197927831368,451,0.270509977827051,0.046802429439085386,0.02750982493747767,208,0.6298076923076923
1m,FULL_ALIGNMENT,30,2799,43.89361926693574,25.54744525547381,9.765734745141863,55.027621229716274,101.15356721276127,-36.07736079424965,-23.483350151362046,-80.1367125125858,2.6872923092125096,-1.015906964310087,0.48302965344765986,0.5144694533762058,13.772418720971775,12.0,0.5069667738478028,8.0,0.2765273311897106,13.0,0.10325116112897463,16.0,0.42015005359056806,0.37727759914255093,2232,0.5268817204301075,0.21186137906395142,0.45158985351911396,1857,0.3193322563274098,0.2572347266881029,0.1939978563772776,1263,0.5700712589073634,0.09431939978563773,0.2150768131475527,866,0.30484988452655887,0.10182207931404073,0.05894962486602358,450,0.6333333333333333
1m,FULL_ALIGNMENT,60,2799,64.13927699199091,37.543561659882926,14.959662381751615,78.78663117818152,147.98239462717567,-50.635979799050546,-33.7186897880537,-115.43120715229716,3.1641687804760736,-2.0868671842799724,0.47874240800285817,0.519113969274741,27.02750982493748,25.0,0.6237942122186495,11.0,0.40514469453376206,19.5,0.18756698821007503,28.0,0.4715969989281886,0.43229724901750627,2530,0.5217391304347826,0.2779564130046445,0.5462665237584852,2307,0.3372345036844387,0.3579849946409432,0.2890317970703823,1811,0.5532854776366648,0.16148624508753126,0.32833154698106465,1371,0.3296863603209336,0.18220793140407288,0.11825652018578063,841,0.6064209274673008
1m,FULL_ALIGNMENT,120,2799,92.42754690286708,55.33383559691352,22.402381600212795,116.12002231271234,221.88445322107023,-72.98587082751088,-48.611381325158746,-167.69476081237488,4.235704801480967,-2.7467579250728402,0.48160057163272596,0.5158985351911397,53.11611289746338,48.0,0.7259735619864237,14.0,0.5344765987852804,29.0,0.2897463379778492,43.0,0.5080385852090032,0.45837799214005004,2705,0.5256931608133086,0.32618792425866383,0.5966416577349053,2583,0.3534649632210608,0.4437299035369775,0.3762057877813505,2295,0.5411764705882353,0.22615219721329047,0.44765987852804573,1886,0.3356309650053022,0.2675955698463737,0.20507324044301536,1323,0.5661375661375662
1m,FULL_ALIGNMENT,240,2799,134.37512744225495,78.56559449263001,32.391429723216405,161.86456921830404,313.13359516455506,-102.42327020891715,-72.97931262529201,-233.71194956257477,5.214941065203705,-8.251603954106956,0.46266523758485173,0.5359056806002144,101.61343336906037,88.0,0.8002858163629868,18.0,0.6463022508038585,40.0,0.4137191854233655,68.0,0.5173276170060735,0.4715969989281886,2768,0.523121387283237,0.34798142193640585,0.6230796713111826,2718,0.35835172921265634,0.49874955341193283,0.42908181493390496,2597,0.5375433192144783,0.29403358342265096,0.5476956055734191,2356,0.349320882852292,0.36441586280814575,0.30439442658092175,1872,0.5448717948717948
5m,DAILY_4H,15,2878,23.464586895192845,13.651050202648785,5.237116549567933,29.357069964727756,53.58977199714676,-21.400235188379877,-14.163749818020822,-49.92340996779588,0.33569814889228633,-1.1897949173128586,0.4722029186935372,0.5236275191104934,7.00416956219597,6.0,0.29812369701181374,6.0,0.113273106323836,7.0,0.03022932592077832,8.0,0.26476719944405835,0.2477414871438499,1475,0.5166101694915254,0.09798471160528145,0.2738012508686588,1070,0.2635514018691589,0.1108408617095205,0.0945100764419736,591,0.5397631133671743,0.028839471855455177,0.09937456567060458,369,0.22493224932249323,0.03022932592077832,0.015635858234885336,132,0.6590909090909091
5m,DAILY_4H,30,2878,34.75741128610511,20.358146117716025,8.362702155165213,42.163279220464034,77.51317184681295,-30.92021315917226,-20.488032028833093,-71.1348984345469,0.5229310754358629,-1.4565280545908443,0.4722029186935372,0.5246699096594858,13.939193884642112,13.0,0.42981236970118136,9.0,0.20465601111883253,13.0,0.05941626129256428,15.0,0.35649756775538566,0.34537873523280055,2020,0.5079207920792079,0.16191799861014594,0.3957609451007644,1605,0.2903426791277259,0.19249478804725503,0.16990965948575398,1043,0.5311601150527325,0.054204308547602505,0.1834607366226546,684,0.22807017543859648,0.05941626129256428,0.046907574704656015,306,0.5588235294117647
5m,DAILY_4H,60,2878,50.28135854809923,30.06538306759232,12.147133208270656,61.304496937041876,109.90947991774992,-44.164362914304704,-28.58959479204337,-103.49663651839792,0.1525514728588875,-1.7077360122047525,0.4777623349548297,0.5198054204308548,26.861362056984017,24.0,0.5580264072272412,14.0,0.3227936066712995,23.0,0.12300208478109799,31.0,0.43015983321751217,0.4179986101459347,2441,0.5071691929537075,0.23002084781097984,0.5003474635163307,2102,0.3149381541389153,0.2883947185545518,0.2564280750521195,1568,0.5293367346938775,0.10597637248088951,0.28735232800555943,1132,0.26943462897526504,0.12056984016678249,0.09763724808895066,628,0.552547770700637
5m,DAILY_4H,120,2878,70.18006001259889,42.70470207028643,17.515433182228037,87.24022260298725,159.15625530958428,-64.82710308689066,-42.68829136064522,-147.79651575842024,-2.962353451505773,-3.567978769663527,0.4722029186935372,0.5260597637248089,52.28978457261987,46.0,0.6692147324530924,19.0,0.4457956914523975,34.0,0.21056289089645588,52.0,0.4718554551772064,0.4735927727588603,2721,0.49908122013965456,0.28422515635858236,0.5896455872133426,2515,0.32524850894632207,0.3783877692842252,0.3533703961084086,2106,0.5170940170940171,0.17164697706740792,0.41452397498262683,1687,0.2928275044457617,0.20152883947185546,0.18241834607366225,1105,0.5248868778280543
5m,DAILY_4H,240,2878,100.77973075360528,61.74330420569252,26.663102955364337,126.80538136053798,234.9955987820889,-91.53837397279874,-62.85917712222144,-205.65198691520226,1.1343311121354103,-4.234123501807852,0.4770674079221682,0.5215427380125087,105.21994440583738,94.0,0.76546212647672,24.0,0.5833912439193885,51.0,0.33043780403057676,90.0,0.49200833912439196,0.48992355802640725,2826,0.5010615711252654,0.31897150799166085,0.6323835997220292,2738,0.3352812271731191,0.45205003474635164,0.4322446143154969,2545,0.5111984282907662,0.2359277275886032,0.5267546907574705,2195,0.30933940774487473,0.29881862404447534,0.28214037526059765,1672,0.5143540669856459
5m,DAILY_4H_1H,15,1650,26.469174916463313,15.270510463101239,5.971405467782853,33.02899252560498,58.48624058988874,-22.834694471055695,-15.050269639615976,-51.484941420108065,1.0496879883182495,-1.2150301465652102,0.47515151515151516,0.5218181818181818,7.004848484848485,6.0,0.33575757575757575,5.0,0.1321212121212121,6.0,0.038181818181818185,7.0,0.2915151515151515,0.25333333333333335,899,0.5350389321468298,0.11212121212121212,0.28363636363636363,653,0.2833078101071976,0.1290909090909091,0.1006060606060606,379,0.5620052770448549,0.03636363636363636,0.10787878787878788,238,0.25210084033613445,0.038181818181818185,0.02181818181818182,99,0.6363636363636364
5m,DAILY_4H_1H,30,1650,39.565056708455984,22.548244662369264,9.405994882801249,46.40149142813466,89.69043515335368,-33.3352194120573,-21.80686417521116,-77.06335802880504,1.0357196501173975,-2.0988413802341954,0.4624242424242424,0.5351515151515152,13.52909090909091,12.0,0.46,8.0,0.23030303030303031,13.0,0.07757575757575758,16.0,0.37393939393939396,0.35454545454545455,1202,0.5133111480865225,0.17939393939393938,0.4103030303030303,973,0.30421377183967113,0.21636363636363637,0.17515151515151514,646,0.5526315789473685,0.0703030303030303,0.19454545454545455,437,0.2654462242562929,0.07757575757575758,0.05818181818181818,224,0.5714285714285714
5m,DAILY_4H_1H,60,1650,56.968844565627315,32.85511289247811,13.213639652567277,67.20779508165076,123.03222271105189,-47.69809188424003,-31.569070806552467,-109.82174634020137,-0.6877839325674149,-4.039410131010945,0.4581818181818182,0.5412121212121213,26.10969696969697,22.0,0.5836363636363636,13.0,0.3496969696969697,21.0,0.14606060606060606,29.0,0.43757575757575756,0.42848484848484847,1429,0.5052484254723583,0.24242424242424243,0.5230303030303031,1263,0.3167062549485352,0.3103030303030303,0.26545454545454544,950,0.5389473684210526,0.12484848484848485,0.30363636363636365,707,0.2913719943422914,0.14242424242424243,0.10424242424242425,407,0.5773955773955773
5m,DAILY_4H_1H,120,1650,78.68472056353278,46.702720708301506,19.098096613721083,96.83122601255923,184.86185677775538,-70.04073728120372,-46.98153501767888,-155.35806199717084,-5.080868968907932,-5.999913129750567,0.4527272727272727,0.5454545454545454,50.98909090909091,43.0,0.6848484848484848,16.0,0.4824242424242424,32.5,0.2387878787878788,49.0,0.47333333333333333,0.4818181818181818,1576,0.49555837563451777,0.3,0.6036363636363636,1491,0.3319919517102616,0.4084848484848485,0.36303030303030304,1273,0.5294579732914375,0.1921212121212121,0.43575757575757573,1036,0.305984555984556,0.22606060606060607,0.19272727272727272,691,0.5397973950795948
5m,DAILY_4H_1H,240,1650,110.6748359419023,67.27922500094908,28.49721873076472,139.86445200659227,270.3064651616645,-97.91891277453551,-66.6219880114266,-216.41564160093498,-1.5920692207758669,-8.93411688336565,0.45696969696969697,0.5418181818181819,102.44121212121212,88.0,0.78,21.0,0.6139393939393939,49.0,0.35515151515151516,80.0,0.4909090909090909,0.4951515151515152,1627,0.49784880147510757,0.33151515151515154,0.6387878787878788,1601,0.34166146158650845,0.4793939393939394,0.4303030303030303,1501,0.5269820119920053,0.25696969696969696,0.54,1315,0.3224334600760456,0.3212121212121212,0.29393939393939394,1015,0.5221674876847291
5m,DAILY_4H_1H_15M,15,766,28.735337121236242,16.362319307746674,6.117571206998851,35.04675773151888,64.69782334121987,-25.425205855644368,-16.492825583795945,-56.68943522117886,1.068379549088841,-1.0547780499758908,0.47389033942558745,0.5221932114882507,7.026109660574413,6.0,0.36553524804177545,5.0,0.1566579634464752,6.5,0.04046997389033943,7.0,0.3093994778067885,0.26631853785900783,441,0.5374149659863946,0.13315926892950392,0.3028720626631854,334,0.30538922155688625,0.15013054830287206,0.1227154046997389,209,0.5502392344497608,0.03655352480417755,0.13315926892950392,130,0.2153846153846154,0.04046997389033943,0.03655352480417755,59,0.5254237288135594
5m,DAILY_4H_1H_15M,30,766,46.15117832437787,25.050952069337605,10.679226317343304,52.95841256274747,96.80736309944815,-36.48162237397735,-22.988877029618273,-82.68825970873527,3.7431893683899298,-2.3537947567514594,0.4516971279373368,0.5456919060052219,13.909921671018276,13.0,0.5013054830287206,8.0,0.27284595300261094,12.0,0.09138381201044386,17.0,0.39425587467362927,0.36161879895561355,579,0.5215889464594128,0.21279373368146215,0.42297650130548303,487,0.3347022587268994,0.2545691906005222,0.195822454308094,345,0.5652173913043478,0.07963446475195822,0.22323759791122716,232,0.2629310344827586,0.09138381201044386,0.07180156657963446,125,0.56
5m,DAILY_4H_1H_15M,60,766,66.07196527336953,36.82592608053259,14.661306659401463,73.04544379481025,142.1773976443552,-51.22257876159141,-34.04501390266823,-121.57976771603018,2.3112192084136582,-4.674991404817752,0.45430809399477806,0.5443864229765013,25.886422976501304,22.0,0.6122715404699739,11.0,0.4007832898172324,19.0,0.16449086161879894,26.0,0.45039164490861616,0.42689295039164493,672,0.5133928571428571,0.28067885117493474,0.52088772845953,614,0.3501628664495114,0.35117493472584854,0.2741514360313316,479,0.5615866388308977,0.13446475195822455,0.33159268929503916,357,0.28851540616246496,0.15926892950391644,0.11618798955613577,211,0.5781990521327014
5m,DAILY_4H_1H_15M,120,766,91.14828990192399,52.16107780355195,20.561333217607448,102.74501936470226,216.53851743667963,-74.89729011877982,-52.40316564165681,-167.3954148180834,-5.322783170460087,-7.008019156126699,0.4490861618798956,0.5496083550913838,49.20626631853786,41.0,0.6984334203655352,14.0,0.5143603133159269,27.0,0.25718015665796345,45.0,0.47911227154047,0.47911227154047,734,0.5,0.32114882506527415,0.5966057441253264,703,0.34992887624466573,0.42428198433420367,0.3825065274151436,618,0.5258899676375405,0.2010443864229765,0.47911227154047,521,0.29558541266794625,0.24281984334203655,0.21279373368146215,349,0.5329512893982808
5m,DAILY_4H_1H_15M,240,766,123.62773412645163,70.95626710096225,29.676110098915686,160.2349705542949,294.3516269229862,-104.69717836658008,-70.96205436801063,-231.49932963422714,-2.6409704927841284,-11.101255604106797,0.4516971279373368,0.5469973890339426,98.7597911227154,77.0,0.7845953002610966,17.0,0.6331592689295039,40.0,0.3785900783289817,75.5,0.4934725848563969,0.489556135770235,753,0.50199203187251,0.34986945169712796,0.6279373368146214,749,0.35781041388518026,0.4908616187989556,0.43342036553524804,708,0.5310734463276836,0.26240208877284593,0.5600522193211488,630,0.319047619047619,0.3433420365535248,0.30809399477806787,499,0.5270541082164328
5m,DAILY_ONLY,15,4978,22.07627837550777,13.037809831137892,4.982569118999192,27.751247905141163,51.124033775049824,-20.417065687294976,-13.451766883073034,-46.49533837255737,-0.15734161033596075,-1.1761258446491007,0.4704700683005223,0.5243069505825633,6.9582161510646845,6.0,0.28143832864604257,6.0,0.10445962233828847,7.0,0.026114905584572117,8.0,0.25431900361591,0.23242265970269185,2423,0.5224927775484935,0.09220570510245078,0.25652872639614305,1736,0.26440092165898615,0.10245078344716754,0.08437123342707915,930,0.5483870967741935,0.02511048613901165,0.08818802732020892,564,0.22163120567375885,0.026114905584572117,0.015066291683406991,205,0.6341463414634146
5m,DAILY_ONLY,30,4978,32.46178279368284,19.28357046071083,7.670388517404536,40.38932239664728,73.46660238391301,-29.338475542136358,-19.23397223047796,-66.85744884981193,0.5384964791710877,-1.1651652903016396,0.47830453997589395,0.5186822016874246,13.868220168742466,13.0,0.4120128565689032,9.0,0.19043792687826436,14.0,0.05363599839292889,16.0,0.35054238650060265,0.33186018481317797,3397,0.5136885487194583,0.15648854961832062,0.37987143431096826,2670,0.2917602996254682,0.18200080353555645,0.15829650462032946,1694,0.5348288075560803,0.04981920449979912,0.16914423463238248,1090,0.22752293577981653,0.0532342306147047,0.04218561671353958,475,0.5578947368421052
5m,DAILY_ONLY,60,4978,47.09804493466961,28.76314045678341,11.674123005080418,58.360275880735,106.06129882223381,-41.805061420192956,-27.26710813298783,-94.75183884390792,0.9405539376095547,-0.9294351053218408,0.4889513860988349,0.5074327038971475,27.314182402571312,25.0,0.5464041783848935,15.0,0.3019284853354761,23.0,0.10968260345520289,31.0,0.42969063881076736,0.4083969465648855,4172,0.5127037392138063,0.22318200080353556,0.4881478505423865,3541,0.31375317706862466,0.2756126958617919,0.24166331860184814,2575,0.5328155339805826,0.09642426677380474,0.26838087585375653,1816,0.2643171806167401,0.10727199678585778,0.088388911209321,974,0.5482546201232033
5m,DAILY_ONLY,120,4978,66.06203856777528,40.668506187094835,17.066712584938305,81.12421629639988,150.30650201246522,-61.09945530849521,-40.14381199993255,-138.2854248998976,-0.9148031509994408,-3.210242997505053,0.47428686219365207,0.5241060666934512,53.15628766572921,48.0,0.6591000401767778,20.0,0.42828445158698275,35.0,0.19325030132583368,53.0,0.47147448774608275,0.46303736440337484,4652,0.5045141874462596,0.27922860586580955,0.5827641623141824,4291,0.32393381496154744,0.36862193652069103,0.3451185214945761,3553,0.5164649591894174,0.1599035757332262,0.40116512655685016,2793,0.2849982098102399,0.18501406187223784,0.17014865407794294,1768,0.5209276018099548
5m,DAILY_ONLY,240,4978,95.70466535762934,60.52679723489107,26.463996905966567,122.10377314398224,219.71225979862746,-87.64698638842816,-59.37392969590949,-200.09380650200458,3.1108874723034097,-1.8328578419862795,0.48674166331860186,0.5110486139011651,108.02189634391321,98.0,0.7627561269586179,26.0,0.5735235034150261,55.0,0.3179991964644436,95.0,0.4939734833266372,0.48372840498192043,4867,0.5052393671666324,0.3141824025713138,0.6299718762555243,4700,0.33276595744680854,0.4467657693852953,0.42567296102852553,4343,0.51208841814414,0.2304138208115709,0.5176777822418642,3724,0.30800214822771216,0.2900763358778626,0.27099236641221375,2793,0.5170068027210885
5m,FULL_ALIGNMENT,15,766,28.735337121236242,16.362319307746674,6.117571206998851,35.04675773151888,64.69782334121987,-25.425205855644368,-16.492825583795945,-56.68943522117886,1.068379549088841,-1.0547780499758908,0.47389033942558745,0.5221932114882507,7.026109660574413,6.0,0.36553524804177545,5.0,0.1566579634464752,6.5,0.04046997389033943,7.0,0.3093994778067885,0.26631853785900783,441,0.5374149659863946,0.13315926892950392,0.3028720626631854,334,0.30538922155688625,0.15013054830287206,0.1227154046997389,209,0.5502392344497608,0.03655352480417755,0.13315926892950392,130,0.2153846153846154,0.04046997389033943,0.03655352480417755,59,0.5254237288135594
5m,FULL_ALIGNMENT,30,766,46.15117832437787,25.050952069337605,10.679226317343304,52.95841256274747,96.80736309944815,-36.48162237397735,-22.988877029618273,-82.68825970873527,3.7431893683899298,-2.3537947567514594,0.4516971279373368,0.5456919060052219,13.909921671018276,13.0,0.5013054830287206,8.0,0.27284595300261094,12.0,0.09138381201044386,17.0,0.39425587467362927,0.36161879895561355,579,0.5215889464594128,0.21279373368146215,0.42297650130548303,487,0.3347022587268994,0.2545691906005222,0.195822454308094,345,0.5652173913043478,0.07963446475195822,0.22323759791122716,232,0.2629310344827586,0.09138381201044386,0.07180156657963446,125,0.56
5m,FULL_ALIGNMENT,60,766,66.07196527336953,36.82592608053259,14.661306659401463,73.04544379481025,142.1773976443552,-51.22257876159141,-34.04501390266823,-121.57976771603018,2.3112192084136582,-4.674991404817752,0.45430809399477806,0.5443864229765013,25.886422976501304,22.0,0.6122715404699739,11.0,0.4007832898172324,19.0,0.16449086161879894,26.0,0.45039164490861616,0.42689295039164493,672,0.5133928571428571,0.28067885117493474,0.52088772845953,614,0.3501628664495114,0.35117493472584854,0.2741514360313316,479,0.5615866388308977,0.13446475195822455,0.33159268929503916,357,0.28851540616246496,0.15926892950391644,0.11618798955613577,211,0.5781990521327014
5m,FULL_ALIGNMENT,120,766,91.14828990192399,52.16107780355195,20.561333217607448,102.74501936470226,216.53851743667963,-74.89729011877982,-52.40316564165681,-167.3954148180834,-5.322783170460087,-7.008019156126699,0.4490861618798956,0.5496083550913838,49.20626631853786,41.0,0.6984334203655352,14.0,0.5143603133159269,27.0,0.25718015665796345,45.0,0.47911227154047,0.47911227154047,734,0.5,0.32114882506527415,0.5966057441253264,703,0.34992887624466573,0.42428198433420367,0.3825065274151436,618,0.5258899676375405,0.2010443864229765,0.47911227154047,521,0.29558541266794625,0.24281984334203655,0.21279373368146215,349,0.5329512893982808
5m,FULL_ALIGNMENT,240,766,123.62773412645163,70.95626710096225,29.676110098915686,160.2349705542949,294.3516269229862,-104.69717836658008,-70.96205436801063,-231.49932963422714,-2.6409704927841284,-11.101255604106797,0.4516971279373368,0.5469973890339426,98.7597911227154,77.0,0.7845953002610966,17.0,0.6331592689295039,40.0,0.3785900783289817,75.5,0.4934725848563969,0.489556135770235,753,0.50199203187251,0.34986945169712796,0.6279373368146214,749,0.35781041388518026,0.4908616187989556,0.43342036553524804,708,0.5310734463276836,0.26240208877284593,0.5600522193211488,630,0.319047619047619,0.3433420365535248,0.30809399477806787,499,0.5270541082164328
